eye,tStart,tEnd,duration,xStart,yStart,xEnd,yEnd,ampDeg,vPeak
L,1743722,1743866,148,1884.2,1110.1,1854.6,1169.5,0.8,1378
L,1746050,1746134,88,1901.5,1100.9,2841.0,626.4,10.2,154
L,1746570,1746582,16,2981.9,633.7,3042.5,675.0,0.7,65
L,1746622,1746634,16,2984.4,738.6,2855.0,787.3,1.3,114
L,1746982,1747078,100,2796.6,799.4,1632.0,312.5,11.8,175
L,1747622,1747682,64,1597.4,325.0,849.4,564.3,7.0,191
L,1747946,1747970,28,766.6,587.7,534.8,674.7,2.2,111
L,1748270,1748918,652,263.0,1200.5,576.4,1679.9,6.3,423
L,1749274,1749290,20,616.2,1737.8,694.5,1858.8,1.6,111
L,1749474,1749554,84,714.3,1867.2,2139.6,1727.0,12.6,186
L,1749830,1749846,20,2361.9,1676.8,2364.4,1563.4,1.4,99
L,1750002,1750034,36,2317.9,1490.3,1892.8,1178.4,5.4,207
L,1750966,1750986,24,1797.6,1056.0,1554.1,1044.1,2.2,119
L,1751290,1751330,44,1461.1,1058.0,1889.3,1020.8,3.8,106
L,1751522,1751542,24,2027.2,1017.5,2195.2,1010.8,1.5,84
L,1751742,1751762,24,2245.8,1022.3,2053.8,1074.6,1.8,99
L,1752014,1752054,44,1966.3,1098.9,1347.6,1150.8,5.5,166
L,1752294,1752326,36,1303.7,1163.2,1692.9,1092.6,3.5,122
L,1755378,1755402,28,1857.7,1122.0,1553.7,1127.1,2.7,127
L,1755674,1755722,52,1451.6,1146.3,2159.1,1068.8,6.4,163
L,1756050,1756070,24,2193.8,1071.2,2033.0,1077.1,1.4,75
L,1758734,1758754,24,1851.9,1073.7,1686.5,1092.1,1.5,80
L,1758874,1758894,24,1535.3,1127.4,1326.2,1155.6,1.9,102
L,1759118,1759130,16,1087.4,1190.2,1008.9,1198.1,0.7,59
L,1759402,1759422,24,979.1,1200.9,1188.2,1157.6,1.9,104
L,1759694,1759854,164,1360.1,1184.8,1904.2,1195.5,4.8,435
L,1759994,1760014,24,1967.4,1086.6,2150.4,1063.2,1.7,88
L,1760194,1760226,36,2327.8,1043.7,2676.4,1035.1,3.1,117
L,1760526,1760542,20,2795.7,1025.4,2894.6,1028.2,0.9,59
L,1760854,1760914,64,2981.0,1042.6,2014.3,1059.7,8.6,162
L,1761714,1761938,228,1784.0,1124.1,1764.1,1159.2,0.5,885
L,1762102,1762134,36,1758.9,1085.2,1298.7,1108.9,4.1,148
L,1762490,1762510,24,1196.6,1116.9,1394.5,1116.5,1.7,95
L,1762810,1762818,12,1518.9,1113.3,1573.6,1101.2,0.5,63
L,1763294,1763310,20,1713.7,1070.2,1829.9,1056.4,1.1,69
L,1763606,1763618,16,1941.1,1047.7,2010.8,1048.0,0.6,56
L,1765174,1767586,2416,1949.6,1103.5,1625.9,1137.8,2.9,928
L,1767938,1767962,28,1713.9,1128.1,2006.2,1098.1,2.7,120
L,1768406,1768434,32,2176.7,1093.5,1833.2,1093.3,3.1,124
L,1768722,1768734,16,1740.9,1101.5,1822.3,1096.5,0.7,62
L,1774474,1774622,152,1869.7,1202.0,1847.3,1215.0,0.3,1404
L,1777630,1777642,16,1823.2,1061.8,1896.8,1054.1,0.7,58
L,1779626,1779778,156,1943.8,1129.2,1983.3,1230.8,1.3,1842
L,1782194,1782398,208,2029.7,1179.2,3270.0,3270.0,24.6,215
L,1782570,1783102,536,3270.0,3270.0,1912.3,1154.1,25.0,824
L,1784810,1784822,16,1841.0,1128.5,1915.5,1139.7,0.7,59
L,1785370,1785402,36,1951.8,1160.8,1565.8,1136.0,3.5,124
L,1785946,1785966,24,1447.4,1115.4,1541.3,991.8,1.7,101
L,1786210,1786698,492,1614.7,982.6,1185.3,1072.1,3.9,338
L,1787014,1787042,32,1295.3,1080.7,1623.6,1068.2,2.9,115
L,1787546,1787554,12,1765.3,1068.5,1818.2,1081.6,0.5,62
L,1788162,1788826,668,1815.4,1161.0,1808.5,1222.6,0.8,1326
L,1790298,1790310,16,1935.6,1153.5,1857.6,1157.3,0.7,61
L,1790742,1790750,12,1818.2,1165.7,1859.3,1156.1,0.4,49
L,1792342,1793742,1404,2026.6,1188.3,1984.7,1303.8,1.5,808
L,1793954,1793974,24,2008.3,1258.3,1806.4,1171.0,2.1,118
L,1796022,1796038,20,1770.6,1185.5,1660.2,1187.8,1.0,64
L,1796338,1796362,28,1637.9,1170.1,1897.7,1167.1,2.3,108
L,1796886,1796898,16,2011.3,1162.7,1934.7,1167.7,0.7,60
L,1797718,1797934,220,1884.0,1199.7,1925.5,1284.7,1.1,959
L,1798118,1799014,900,1943.7,1259.9,1618.8,1232.7,2.9,631
L,1799718,1799730,16,1659.1,1193.5,1574.0,1203.1,0.8,66
L,1799982,1800022,44,1418.8,1235.9,2066.7,1180.8,5.8,172
L,1800382,1800422,44,2125.9,1180.2,1451.8,1209.1,6.0,182
L,1800762,1800802,44,1396.0,1224.9,1999.3,1174.1,5.4,160
L,1801110,1801150,44,2083.1,1177.4,1493.4,1209.8,5.3,154
L,1801346,1801718,376,1382.2,1267.2,1685.6,1256.6,2.7,1096
L,1802242,1802262,24,1785.1,1202.4,1936.8,1188.0,1.4,74
L,1802542,1802558,20,2017.9,1142.5,2070.0,1055.8,1.2,77
L,1802910,1803082,176,2122.0,1040.7,1751.2,1240.7,4.1,2521
L,1803378,1803426,52,1762.4,1147.2,1029.9,1159.5,6.5,153
L,1803626,1803646,24,983.8,1175.4,1236.4,1181.5,2.2,126
L,1803898,1804106,212,1406.1,1240.6,1989.3,1227.1,5.2,1034
L,1804422,1804442,24,1994.2,1146.3,1794.1,1181.1,1.9,99
L,1804706,1804734,32,1686.8,1205.0,1332.9,1210.6,3.2,123
L,1805086,1805122,40,1164.3,1224.0,1629.6,1146.5,4.2,133
L,1805458,1805490,36,1734.5,1138.1,2120.9,1128.8,3.5,117
L,1806530,1806574,48,2300.7,1150.4,1741.4,1171.8,5.0,128
L,1806858,1807018,164,1657.0,1233.1,2042.4,1248.2,3.5,1236
L,1807342,1807358,20,2095.0,1146.2,2205.4,1150.2,1.0,69
L,1807802,1807846,48,2231.0,1155.2,1503.0,1147.3,6.5,182
L,1808158,1808198,44,1436.2,1175.1,2060.1,1135.8,5.6,161
L,1808882,1808894,16,2145.5,1161.4,2061.3,1164.2,0.8,64
L,1809254,1810666,1416,2017.0,1189.6,1493.8,1234.7,4.7,985
L,1811094,1811130,40,1610.2,1180.7,2034.7,1159.5,3.8,120
L,1811710,1811742,36,2109.1,1205.0,1715.7,1191.7,3.5,132
L,1812422,1812606,188,1653.2,1226.1,1804.8,1270.1,1.5,1165
L,1813334,1813446,116,1814.5,1221.0,619.3,3135.4,24.3,274
L,1813690,1814382,696,551.1,3172.6,1755.3,1436.4,22.4,593
L,1814598,1814614,20,1837.0,1284.2,1924.6,1206.6,1.2,82
L,1815230,1815246,20,2017.9,1128.4,2108.2,1083.8,1.0,63
L,1815638,1815674,40,2164.9,1056.3,1756.4,1126.5,3.8,121
L,1816134,1816398,268,1610.0,1206.7,1350.0,2304.4,13.5,1119
L,1816530,1816594,68,1316.4,2274.2,1275.2,3270.0,10.7,354
L,1816994,1817030,40,1293.1,3270.0,1856.9,3270.0,4.3,145
L,1817130,1819454,2328,910.0,2616.9,1611.3,1350.7,16.6,593
L,1819642,1819658,20,1687.0,1305.8,1809.7,1256.0,1.3,87
L,1819890,1819910,24,1845.2,1207.0,1634.1,1220.8,1.9,107
L,1820310,1820322,16,1579.5,1224.4,1677.3,1208.9,0.9,76
L,1820538,1820554,20,1804.2,1177.6,1852.9,1090.2,1.2,76
L,1820926,1820946,24,1949.6,1033.2,2086.6,1010.6,1.3,67
L,1821202,1821250,52,2229.4,1009.5,2948.4,1022.3,6.5,158
L,1821582,1821690,112,3052.5,1038.2,2673.1,3270.0,25.5,338
L,1822286,1822958,676,2545.3,3270.0,1872.9,1211.7,24.2,464
L,1823330,1823350,24,1939.1,1162.6,1768.0,1150.4,1.6,83
L,1823694,1823710,20,1612.8,1161.5,1486.7,1190.0,1.2,78
L,1824118,1824158,44,1428.6,1221.1,1926.3,1133.7,4.6,130
L,1824410,1824430,24,1994.1,1125.0,1838.4,1158.8,1.5,81
L,1825174,1825190,20,1658.7,1181.8,1769.4,1149.2,1.1,70
L,1826150,1826158,12,1813.4,1166.4,1857.5,1143.6,0.5,61
L,1828538,1828578,44,1853.7,1151.2,1278.9,1158.9,5.1,149
L,1828870,1828878,12,1146.9,1185.5,1116.4,1210.5,0.4,51
L,1829150,1829302,156,1098.9,1257.4,1012.8,1329.1,1.2,956
L,1830982,1830990,12,1105.3,1315.0,1156.7,1298.2,0.5,62
L,1832590,1832638,52,1135.2,1306.0,1765.7,1141.2,6.0,133
L,1833146,1833186,44,1858.6,1134.9,1237.6,1267.9,5.8,180
L,1833866,1833914,52,1164.2,1299.6,1834.2,1117.8,6.4,158
L,1836330,1836370,44,1834.3,1124.8,1185.5,1234.2,5.9,170
L,1836722,1836938,220,1082.2,1287.2,1025.6,1308.5,0.6,463
L,1838702,1838750,52,1087.5,1311.6,1774.2,1119.9,6.5,169
L,1841058,1841110,56,1887.8,1135.3,2739.0,1165.4,7.7,174
L,1842406,1842414,12,2940.9,1253.6,2948.1,1221.0,0.4,51
L,1842618,1842634,20,2930.2,1155.6,2927.8,1065.0,1.1,78
L,1843506,1843526,24,2921.7,1106.4,2957.8,1242.8,1.7,98
L,1843710,1843730,24,2947.3,1267.1,2937.6,1138.5,1.6,93
L,1844454,1844498,48,2838.6,1060.7,2065.6,1076.7,6.9,196
L,1847290,1847346,60,1918.3,1122.3,2746.2,1175.0,7.5,164
L,1847818,1848022,208,2846.8,1201.8,2922.9,1232.0,0.8,965
L,1848206,1848362,160,2923.8,1221.8,3270.0,3241.6,23.3,268
L,1848594,1848686,96,3270.0,3252.8,2716.4,1394.7,21.9,392
L,1849590,1849610,24,2699.2,1198.1,2850.9,1200.9,1.4,74
L,1851894,1851906,16,2798.5,1199.9,2876.7,1189.4,0.7,62
L,1852142,1852158,20,2921.7,1178.2,2809.2,1176.4,1.0,70
L,1852586,1852634,52,2754.2,1170.9,2005.9,1126.0,6.8,173
L,1855090,1855138,52,1831.2,1137.7,1194.9,1259.5,5.9,141
L,1855458,1855670,216,1060.8,1343.7,1013.7,1153.4,2.4,921
L,1856146,1856186,44,1080.9,1106.6,1589.0,1090.3,4.5,141
L,1856374,1856382,12,1778.7,1093.6,1828.1,1102.3,0.5,57
L,1857098,1857134,40,1843.5,1114.7,1240.2,1322.4,6.0,194
L,1857366,1857394,32,1118.0,1371.3,1066.0,1141.6,2.9,119
L,1858314,1858330,20,1054.3,1112.9,1082.4,1209.4,1.2,84
L,1858830,1858882,56,1097.8,1233.4,1739.1,1125.5,5.8,135
L,1861114,1861158,48,1846.8,1119.1,1144.9,1330.8,6.8,191
L,1861486,1861690,208,1063.5,1415.5,1705.9,1258.1,6.0,659
L,1862090,1862126,40,1731.0,1155.2,1134.2,1371.6,5.9,196
L,1863354,1863406,56,1093.9,1400.4,1690.7,1193.1,5.9,132
L,1865902,1865950,52,1882.6,1110.7,2631.0,1054.6,6.8,150
L,1866106,1866118,16,2768.2,1038.8,2855.4,1033.3,0.8,67
L,1866334,1866350,20,2922.9,1040.0,2941.1,1129.3,1.1,78
L,1866702,1866746,48,2935.1,1190.2,1971.2,1133.4,8.7,249
L,1867014,1867062,52,1900.9,1141.6,2797.8,1264.3,8.2,207
L,1867618,1867630,16,2883.3,1260.3,2928.7,1217.2,0.7,58
L,1867922,1868090,172,2884.7,1225.1,2862.0,1170.0,0.7,1003
L,1868330,1868346,20,2876.2,1143.8,2942.2,1223.6,1.1,81
L,1872330,1872378,52,2922.4,1114.3,2052.2,1075.0,7.8,195
L,1874754,1874794,44,1835.7,1096.0,1199.1,1220.3,5.9,183
L,1874994,1875010,20,1081.0,1281.4,965.3,1316.0,1.1,75
L,1876794,1877026,236,924.9,1309.2,1331.4,1312.4,3.6,767
L,1877194,1877222,32,1418.2,1208.6,1731.1,1136.5,2.9,113
L,1877638,1877682,48,1823.8,1116.0,1032.5,1283.4,7.3,196
L,1881238,1881294,60,978.6,1348.5,1711.8,1153.3,6.9,142
L,1883166,1883190,28,1904.7,1109.5,2139.0,1083.3,2.1,95
L,1883290,1883310,24,2586.6,1064.1,2765.3,1056.5,1.6,89
L,1883494,1883502,12,2861.9,1057.7,2906.4,1054.6,0.4,50
L,1883838,1883846,12,2953.8,1078.1,2943.6,1116.8,0.5,61
L,1885238,1885298,64,2969.1,1171.4,1956.0,1097.7,9.1,183
L,1885754,1885938,188,1841.7,1144.5,1807.0,1140.2,0.3,943
L,1887450,1887490,44,1874.8,1086.9,1391.8,1172.1,4.4,128
L,1887670,1887686,20,1169.4,1250.6,1051.0,1283.7,1.1,76
L,1888242,1888266,28,1045.3,1354.9,1034.6,1179.4,2.1,107
L,1888914,1888926,16,1062.2,1074.3,1054.7,1015.0,0.7,63
L,1889166,1889210,48,1097.2,1003.1,1694.3,1093.2,5.4,140
L,1889650,1889690,44,1821.8,1110.6,1152.6,1372.5,6.8,210
L,1890302,1890330,32,1073.5,1357.2,1054.0,1064.3,3.6,155
L,1890938,1890990,56,1121.0,1030.6,1862.3,1078.9,6.6,151
L,1892722,1892778,60,1859.5,1109.1,1053.8,1195.5,7.2,152
L,1893574,1893782,212,925.5,1292.4,895.3,1313.6,0.4,704
L,1895134,1895190,60,993.2,1296.2,1765.6,1116.9,7.2,153
L,1896834,1896850,20,1865.4,1087.1,1768.2,1098.9,0.9,59
L,1897030,1897038,12,1120.8,1193.3,1061.6,1210.9,0.6,70
L,1897566,1897574,12,941.8,1239.1,932.1,1274.4,0.4,55
L,1899506,1899566,64,906.9,1282.9,1596.7,1161.3,6.3,124
L,1901862,1901914,56,1902.6,1107.7,2655.9,1014.2,6.9,157
L,1902134,1902330,200,2818.5,1042.7,2999.1,1115.6,1.8,2661
L,1904366,1904374,12,2932.9,1101.3,2897.2,1126.6,0.5,56
L,1904622,1904794,176,2813.9,1192.4,2939.8,1159.2,1.2,3270
L,1905166,1905174,12,2954.2,1147.4,2961.4,1181.4,0.4,53
L,1905974,1905990,20,2968.4,1262.2,2947.1,1150.2,1.4,99
L,1908426,1908478,56,2889.5,1136.0,1926.3,1067.2,8.7,210
L,1910798,1910842,48,1898.9,1111.3,2567.3,1144.5,6.0,149
L,1911122,1911130,12,2686.6,1143.5,2733.9,1145.6,0.4,53
L,1912086,1912282,200,2714.2,1171.9,2772.5,1143.9,0.6,1155
L,1914398,1914450,56,2807.6,1179.5,1975.1,1104.6,7.5,181
L,1916146,1916198,56,1838.5,1098.4,1123.2,1197.6,6.5,158
L,1917618,1917626,12,959.3,1335.3,1015.0,1328.9,0.5,62
L,1918238,1918254,20,1029.4,1317.4,897.6,1324.9,1.1,77
L,1918550,1918566,20,859.3,1322.2,1032.3,1303.6,1.5,105
L,1919202,1919250,52,1088.9,1289.8,1763.8,1124.9,6.3,160
L,1921506,1921550,48,2019.5,1085.8,2581.4,1090.2,5.1,137
L,1921690,1921706,20,2710.2,1092.8,2830.5,1106.7,1.1,77
L,1922902,1922914,16,2947.3,1033.9,2968.2,1098.4,0.8,72
L,1923758,1923806,52,2894.0,1014.9,1944.5,1050.5,8.5,212
L,1925642,1925694,56,1852.9,1095.7,1184.2,1160.5,6.0,134
L,1925882,1925894,16,1036.3,1210.3,959.5,1232.8,0.7,62
L,1926182,1926194,16,955.6,1244.7,1038.4,1259.3,0.7,66
L,1926866,1926902,40,966.8,1314.8,1407.2,1208.0,4.1,127
L,1927086,1927106,24,1562.4,1180.1,1757.2,1136.2,1.8,102
L,1927306,1927350,48,1853.7,1127.2,1080.9,1313.0,7.2,210
L,1928010,1928066,60,991.2,1333.0,1817.5,1113.8,7.8,160
L,1929674,1929726,56,1896.9,1104.0,2534.5,1097.8,5.7,125
L,1929966,1929974,12,2723.4,1100.7,2771.7,1102.2,0.4,54
L,1930618,1930626,12,2788.9,1145.2,2836.3,1152.2,0.4,54
L,1931214,1931250,40,2861.3,1158.6,2118.1,1102.5,6.7,228
L,1931378,1931414,40,2067.4,1113.1,2668.4,1145.6,5.4,181
L,1931890,1931910,24,2805.7,1165.9,2968.5,1171.0,1.5,78
L,1932394,1932446,56,3018.3,1178.1,2019.3,1100.9,9.0,218
L,1934558,1934570,16,1948.8,1091.4,2017.6,1095.0,0.6,54
L,1935122,1935138,20,2950.0,1158.6,2944.6,1079.3,1.0,69
L,1936422,1936466,48,2906.8,1039.9,2110.6,1073.8,7.2,189
L,1936658,1936678,24,1963.0,1087.8,1738.8,1023.8,2.2,123
L,1936934,1936950,20,1675.2,992.8,1802.3,982.1,1.1,73
L,1937126,1937146,24,1953.3,978.6,2172.0,964.2,2.0,110
L,1937374,1937410,40,2320.5,962.0,1732.3,1124.0,5.7,188
L,1937722,1937742,24,1660.7,1153.8,1863.5,1147.1,1.8,107
L,1938090,1939290,1204,1942.6,1176.5,2045.7,1099.1,1.3,844
L,1939566,1939590,28,2064.1,1064.3,1789.9,1135.8,2.6,128
L,1939966,1939982,20,1699.1,1165.0,1823.3,1152.5,1.1,73
L,1940326,1940342,20,1906.3,1156.6,1785.8,1160.5,1.1,72
L,1941050,1941494,448,1728.6,1083.3,1826.3,1212.2,1.8,365
L,1942162,1942170,12,2011.4,1095.1,1960.9,1110.1,0.5,61
L,1942786,1943390,608,1803.2,1211.7,1664.3,1232.2,1.3,502
L,1943778,1943790,16,1769.2,1112.6,1796.6,1055.3,0.8,64
L,1944050,1944062,16,1810.8,1027.2,1722.8,1029.4,0.8,69
L,1944490,1944506,20,1667.9,1026.5,1816.1,1067.2,1.4,98
L,1946186,1946238,56,1865.7,1087.8,1134.1,1146.8,6.5,147
L,1946554,1946562,12,994.7,1216.5,964.6,1247.4,0.5,58
L,1946858,1946866,12,985.1,1278.7,1036.3,1293.5,0.5,60
L,1947242,1947250,12,1054.6,1370.5,1064.3,1404.0,0.4,52
L,1947486,1947506,24,1048.0,1404.4,998.6,1233.1,2.1,116
L,1948042,1948062,24,1021.7,1150.5,1036.1,1364.1,2.6,148
L,1948450,1948470,24,1031.1,1402.4,1018.7,1180.7,2.7,153
L,1948990,1949042,56,1076.0,1113.4,1808.5,1122.3,6.5,139
L,1950774,1950830,60,1861.0,1101.6,1127.4,1180.4,6.6,137
L,1951526,1951538,16,1032.4,1249.8,945.4,1278.6,0.8,72
L,1951746,1951758,16,917.0,1315.7,1028.9,1316.1,1.0,84
L,1953006,1953026,24,1145.8,1318.6,964.0,1350.2,1.6,90
L,1953306,1953354,52,911.5,1351.1,1620.2,1176.6,6.6,161
L,1955138,1955178,44,2009.2,1090.4,2466.4,1072.7,4.1,116
L,1955950,1955966,20,2849.7,1113.2,2897.1,1204.7,1.2,83
L,1956170,1956186,20,2919.4,1214.7,2913.1,1119.9,1.2,79
L,1956898,1956946,52,2890.0,1044.8,1957.0,1042.0,8.4,215
L,1958974,1959030,60,1839.6,1090.2,1169.8,1110.4,6.0,128
L,1959482,1959494,16,946.9,1078.7,1032.3,1077.2,0.7,64
L,1959746,1959766,24,1052.0,1121.7,1074.0,1256.1,1.7,91
L,1960522,1960534,16,1066.0,1283.3,1038.4,1199.3,1.1,91
L,1963038,1963278,244,1089.7,1168.4,984.2,1205.3,1.0,536
L,1963634,1963678,48,1069.8,1145.3,1729.9,1076.9,5.9,152
L,1965614,1965634,24,1921.9,1110.2,2104.3,1094.7,1.6,93
L,1965874,1965890,20,2637.9,1102.6,2770.0,1091.3,1.2,79
L,1967054,1967070,20,2952.6,1126.6,2966.7,1213.9,1.1,72
L,1967742,1967762,24,2954.0,1214.1,2934.5,1058.6,1.9,105
L,1968526,1968586,64,2965.1,1074.5,1841.0,1104.9,10.1,217
L,1970482,1970494,16,2026.1,1106.7,2100.7,1106.0,0.7,58
L,1970630,1970646,20,2446.8,1130.5,2557.9,1137.6,1.0,65
L,1970854,1970870,20,2691.3,1145.5,2822.0,1166.5,1.2,82
L,1972346,1972362,20,2911.9,1165.3,2774.7,1173.0,1.2,83
L,1972690,1972966,280,2718.8,1172.5,2890.6,1266.8,1.9,3270
L,1974550,1974822,276,2750.5,1208.9,2814.9,1228.4,0.6,3270
L,1976842,1976882,44,2663.5,1186.8,1967.4,1125.5,6.3,183
L,1979186,1979226,44,1833.8,1123.9,1218.1,1215.4,5.6,166
L,1979562,1979578,20,1064.8,1293.5,942.5,1307.2,1.1,71
L,1979754,1979794,44,923.1,1315.1,1528.6,1178.7,5.6,167
L,1980294,1980330,40,1688.0,1156.1,1180.3,1255.0,4.7,160
L,1980586,1980602,20,1073.9,1273.5,946.3,1299.8,1.2,79
L,1981430,1981486,60,922.3,1315.8,1714.5,1108.3,7.4,166
L,1982970,1983030,64,1940.0,1065.4,2748.8,1074.4,7.2,146
L,1984406,1984414,12,2883.9,1132.0,2838.0,1128.7,0.4,51
L,1985174,1985222,52,2834.2,1129.1,2017.9,1071.1,7.3,174
L,1987162,1987178,20,2198.2,1086.2,2328.2,1090.5,1.2,79
L,1987530,1987542,16,2834.7,1135.5,2923.8,1141.2,0.8,68
L,1988694,1988710,20,2960.4,1146.6,2802.4,1149.9,1.4,98
L,1988998,1989006,12,2774.1,1151.2,2819.9,1157.9,0.4,52
L,1989846,1990098,256,2702.9,1162.4,2661.8,1227.2,0.9,2981
L,1991454,1991510,60,2899.0,1140.4,1994.6,1094.8,8.1,175
L,1993534,1993566,36,1913.9,1075.8,2216.2,1064.8,2.7,99
L,1993694,1993710,20,2550.3,1074.2,2659.9,1068.5,1.0,68
L,1993878,1993890,16,2750.3,1068.2,2811.7,1046.5,0.6,53
L,1995894,1995942,52,2948.7,1109.7,2062.7,1090.0,7.9,209
L,1997466,1997510,48,1941.2,1060.5,2430.4,1056.1,4.4,107
L,1999098,1999106,12,2887.3,1118.0,2830.5,1120.0,0.5,63
L,1999286,1999598,316,2716.5,1177.7,2864.7,1196.2,1.3,2334
L,2002522,2002574,56,2834.1,1169.2,2000.8,1130.9,7.5,167
L,2004414,2004470,60,1935.3,1072.9,2567.1,1087.8,5.7,110
L,2004670,2004678,12,2765.2,1102.3,2814.0,1104.0,0.4,54
L,2005146,2005406,264,2819.3,1141.2,2809.4,1233.0,1.1,3270
L,2006818,2006866,52,2830.4,1164.8,2088.6,1109.9,6.7,175
L,2008326,2008374,52,1918.2,1101.0,2453.8,1089.5,4.8,113
L,2010166,2010218,56,2821.0,1128.2,1979.5,1094.0,7.5,178
L,2012058,2012106,52,1853.6,1085.6,1164.2,1134.3,6.1,152
L,2012734,2012914,184,1047.4,1182.6,997.7,1322.2,1.8,903
L,2015154,2015162,12,1039.8,1272.1,1046.5,1310.1,0.5,61
L,2016182,2016198,20,1041.8,1352.2,1041.3,1249.0,1.3,86
L,2017074,2017318,248,1052.9,1262.3,1003.4,1285.4,0.5,784
L,2019178,2019246,72,1037.3,1230.1,1869.9,1126.7,7.5,126
L,2020938,2020962,28,1655.9,1128.8,1402.9,1159.0,2.3,112
L,2021826,2021834,12,1033.6,1259.6,986.4,1266.6,0.4,52
L,2022322,2022334,16,953.0,1267.8,1028.9,1269.0,0.7,58
L,2023690,2023730,44,1074.0,1298.5,1442.8,1185.4,3.5,106
L,2025746,2025762,20,1820.1,1098.3,1710.1,1102.0,1.0,65
L,2028418,2028466,52,906.5,1287.5,1420.2,1191.8,4.6,113
L,2031266,2031282,20,2926.3,1145.3,2819.4,1143.8,0.9,65
L,2032854,2032906,56,2840.0,1143.4,1961.4,1068.2,7.9,179
L,2035206,2035250,48,1848.6,1134.1,1213.4,1116.5,5.7,151
L,2035666,2035906,244,1104.8,1146.5,980.5,1240.5,1.6,693
L,2036538,2036566,32,1104.4,1153.7,1390.1,1124.8,2.6,103
L,2036870,2036894,28,1524.6,1115.8,1777.2,1108.8,2.3,109
L,2038458,2038490,36,1941.6,1103.2,2257.7,1115.7,2.9,98
L,2039210,2039218,12,2824.9,1146.0,2872.1,1153.6,0.4,54
L,2039350,2039362,16,2842.8,1167.0,2715.5,1169.4,1.1,98
L,2040530,2040538,12,2707.4,1189.3,2748.0,1181.2,0.4,47
L,2040870,2041094,228,2743.1,1182.0,2783.4,1181.5,0.4,2099
L,2041458,2041502,48,2750.8,1160.5,1968.1,1112.2,7.1,199
L,2043246,2043294,52,1834.9,1098.7,1190.0,1124.0,5.8,140
L,2044462,2044514,56,1104.7,1124.6,1851.7,1100.7,6.7,150
L,2044734,2044742,12,1942.6,1091.6,1929.9,1053.5,0.5,61
L,2044986,2045510,528,1902.8,993.3,2111.9,935.8,2.0,296
L,2045726,2045750,28,2166.0,994.8,1851.6,1109.0,3.2,145
L,2046126,2046150,28,1755.9,1162.6,1962.8,1143.9,1.9,85
L,2046266,2046510,248,2014.8,1173.7,1805.6,1165.7,1.9,593
L,2047310,2047322,16,1991.9,1012.6,1920.4,1001.8,0.7,55
L,2047582,2047590,12,1748.3,1004.9,1690.3,1003.0,0.5,65
L,2047950,2047966,20,1639.5,1000.6,1747.4,1010.8,1.0,65
L,2048994,2049010,20,1766.8,1137.6,1683.2,1084.7,1.0,69
L,2049042,2049510,472,1550.2,1051.4,1745.1,1103.4,1.9,623
L,2050006,2050246,244,3270.0,1081.2,1706.2,1148.7,13.9,985
L,2050838,2050850,16,1745.8,1073.2,1824.5,1072.9,0.7,60
L,2052490,2052530,44,1784.3,1108.6,1373.8,1134.0,3.7,104
L,2054486,2054498,16,1072.2,1287.0,1155.1,1276.4,0.7,64
L,2054538,2054674,140,1367.2,1291.1,1798.9,1247.5,3.9,432
L,2056326,2056334,12,2600.4,1122.5,2648.3,1121.1,0.4,54
L,2058862,2058906,48,2673.5,1156.1,2042.4,1111.9,5.7,154
L,2060350,2060406,60,1961.2,1079.0,2554.8,1046.3,5.4,113
L,2061834,2061850,20,2963.6,1138.3,2933.8,1047.3,1.2,78
L,2063870,2063926,60,2905.3,1120.3,2022.1,1089.1,8.0,181
L,2065402,2065450,52,1897.9,1087.3,2396.6,1088.1,4.5,107
L,2065614,2065622,12,2730.3,1098.2,2782.3,1099.3,0.5,58
L,2069006,2069050,48,2606.3,1150.3,2070.0,1101.6,4.9,126
L,2070494,2070510,20,1820.0,1082.3,1691.6,1083.5,1.2,78
L,2072702,2072746,48,1138.8,1139.4,1807.9,1092.7,6.0,160
L,2073158,2073402,248,1827.5,1175.4,1754.5,1170.3,0.7,605
L,2075938,2075974,40,1771.4,1117.1,1152.4,1141.6,5.5,177
L,2077162,2077210,52,1086.6,1144.6,1789.8,1110.6,6.3,151
L,2078730,2078778,52,1869.6,1112.8,2335.9,1080.3,4.2,101
L,2079694,2079710,20,2865.4,1038.9,2882.9,1124.5,1.1,74
L,2080146,2080162,20,2897.5,1170.6,2856.8,1082.1,1.2,80
L,2082206,2082214,12,2003.8,1087.4,1956.9,1086.3,0.4,53
L,2083974,2084034,64,1836.0,1110.5,1033.6,1150.7,7.2,146
L,2084230,2084242,16,908.4,1175.8,1015.7,1181.8,0.9,82
L,2085438,2085454,20,1506.1,1165.1,1617.0,1156.3,1.0,66
L,2087182,2087206,28,1814.0,1124.7,1613.9,1120.2,1.8,83
L,2088874,2089226,356,1155.7,1254.4,1767.3,1209.7,5.5,286
L,2091178,2091194,20,1711.6,1120.7,1600.7,1121.3,1.0,65
L,2092970,2093338,372,1125.8,1345.6,1685.4,1365.0,5.0,334
L,2097230,2097270,44,1795.7,1146.1,1200.1,1309.7,5.7,168
L,2097754,2097798,48,1087.2,1385.2,1761.2,1156.3,6.6,173
L,2098462,2098502,44,1840.0,1156.7,1155.0,1430.0,7.0,208
L,2098834,2098890,60,1129.9,1440.0,1773.0,1181.6,6.6,137
L,2101654,2101678,28,1992.2,1119.1,2249.7,1110.0,2.3,107
L,2101882,2101898,20,2634.5,1134.5,2762.6,1165.9,1.2,84
L,2102478,2102514,40,2808.9,1170.6,2274.0,1133.2,4.8,161
L,2102702,2102742,44,2132.1,1135.4,2647.3,1170.0,4.7,142
L,2103642,2103686,48,2729.0,1169.4,2011.5,1090.8,6.5,188
L,2104122,2104318,200,1853.6,1143.3,1812.0,1215.6,1.0,717
L,2105902,2105962,64,1873.2,1111.4,995.4,1143.1,7.8,168
L,2106978,2106986,12,1119.0,1123.4,1177.9,1114.2,0.5,67
L,2107350,2107390,44,1838.1,1114.7,1210.0,1116.6,5.6,169
L,2107826,2107870,48,1145.4,1113.6,1721.3,1090.6,5.1,142
L,2109614,2109674,64,1841.7,1095.2,1129.8,1208.7,6.5,129
L,2111186,2111230,48,1086.7,1336.1,1618.2,1192.9,5.0,135
L,2112742,2112758,20,1913.1,1114.7,2010.1,1092.7,0.9,60
L,2113742,2113750,12,2849.8,1121.8,2798.9,1129.6,0.5,59
L,2114382,2114394,16,2769.0,1135.3,2833.2,1136.9,0.6,51
L,2115738,2115746,12,2846.3,1160.5,2795.1,1155.9,0.5,58
L,2115774,2115818,48,2580.2,1146.3,2024.5,1138.6,5.0,123
L,2120382,2120698,320,1148.0,1402.7,1771.8,1272.1,5.8,549
L,2124678,2125006,332,2633.4,1227.6,1709.2,1164.9,8.4,317
L,2127974,2128790,820,949.6,1503.9,1572.9,1345.9,5.9,187
L,2128926,2129582,660,1706.2,1230.5,2018.6,1286.9,2.9,343
L,2129818,2129830,16,1919.6,1200.0,1890.7,1129.7,0.9,81
L,2130494,2130686,196,1862.8,1187.5,1029.0,1357.3,7.7,600
L,2131078,2131122,48,1031.6,1285.1,1720.6,1172.3,6.3,169
L,2132298,2132350,56,1837.4,1176.2,928.7,1342.7,8.3,210
L,2133362,2133626,268,743.7,1422.2,3270.0,3270.0,28.2,313
L,2133966,2134798,836,-195.3,2263.9,1475.3,1378.7,17.5,962
L,2134990,2135014,28,1281.3,1350.1,913.0,1384.4,3.3,161
L,2135226,2135242,20,817.3,1386.5,944.0,1378.1,1.1,78
L,2136254,2136270,20,861.4,1388.0,989.8,1371.0,1.1,82
L,2136862,2136870,12,994.2,1372.5,941.5,1389.5,0.5,63
L,2137770,2137818,52,1004.8,1368.3,1651.7,1181.2,6.2,145
L,2140678,2140734,60,1888.0,1126.2,2677.4,1066.4,7.2,152
L,2141010,2141022,16,2835.4,1078.8,2901.8,1136.3,0.9,81
L,2141226,2141242,20,2928.4,1139.1,2902.1,1037.6,1.3,91
L,2141498,2141554,60,2882.3,1020.1,1873.8,1124.9,9.2,203
L,2141770,2141830,64,1798.0,1164.5,2855.9,1150.6,9.5,184
L,2142442,2142490,52,2911.8,1156.9,1890.9,1099.7,9.2,255
L,2144054,2144086,36,1814.0,1110.3,1387.6,1144.2,3.9,132
L,2144374,2144386,16,1047.4,1216.2,1096.9,1260.5,0.7,62
L,2144866,2144878,16,1056.3,1238.0,1028.7,1170.1,0.9,74
L,2146262,2146426,168,1051.5,1170.3,1791.9,1158.2,6.6,798
L,2146638,2146658,24,1798.5,1080.9,1734.1,942.1,1.8,99
L,2146814,2147134,324,1562.9,639.7,2109.7,953.4,6.2,328
L,2147494,2147538,48,2200.6,1002.4,1696.7,1192.9,5.1,147
L,2147778,2148050,276,1590.2,1260.2,1861.9,1242.9,2.5,641
L,2148526,2148542,20,1916.1,1116.8,2024.8,1044.8,1.3,91
L,2148818,2148854,40,2052.7,1016.7,1493.4,1042.0,5.1,156
L,2149098,2149130,36,1435.4,1054.1,1802.2,1060.8,3.3,111
L,2150154,2150162,12,1945.9,1038.0,1985.4,1053.3,0.4,51
L,2150786,2150794,12,1991.0,1047.0,2035.0,1053.3,0.4,52
L,2150974,2150986,16,2063.6,1059.1,1980.3,1045.3,0.8,68
L,2151578,2151590,16,1909.9,1042.4,1886.1,1099.0,0.7,67
L,2152678,2152730,56,1829.0,1124.1,1102.0,1196.1,6.6,158
L,2153390,2153398,12,936.8,1223.8,957.6,1258.8,0.5,59
L,2153698,2153706,12,971.8,1318.7,1025.6,1322.3,0.5,60
L,2153962,2154166,208,1083.9,1337.0,1588.8,1321.1,4.5,1002
L,2154434,2154466,36,1608.2,1205.2,1079.4,1302.4,4.9,184
L,2154774,2154782,12,1045.3,1321.6,1098.2,1322.1,0.5,59
L,2155814,2155830,20,1159.5,1333.4,998.2,1352.8,1.4,100
L,2156446,2156454,12,956.7,1346.5,1016.2,1338.4,0.5,67
L,2156782,2156826,48,1117.7,1329.0,1640.7,1176.5,5.0,127
L,2156950,2156958,12,1798.4,1152.3,1848.7,1139.5,0.5,60
L,2158354,2158402,52,1825.9,1111.7,1271.6,1185.2,5.1,117
L,2160338,2160374,40,1108.8,1298.8,1506.9,1199.2,3.8,124
L,2162066,2162114,52,1838.4,1108.4,1308.0,1183.0,4.8,114
L,2162922,2162942,24,1015.1,1284.1,1020.4,1129.1,1.9,115
L,2164110,2164154,48,1043.3,1119.4,1635.4,1106.3,5.3,141
L,2165666,2165730,68,1891.5,1114.6,2647.0,1118.1,6.8,124
L,2167678,2167878,204,2772.0,1215.5,2844.0,1214.5,0.7,3257
L,2169950,2170002,56,2864.0,1126.0,2315.1,1078.6,5.0,119
L,2170170,2170194,28,2203.3,1082.6,2397.3,1075.4,1.8,87
L,2171434,2171486,56,2795.5,1126.5,1927.8,1053.2,7.9,187
L,2173658,2173698,44,1880.8,1111.8,2355.3,1106.2,4.3,120
L,2173834,2173846,16,2594.4,1110.6,2688.0,1115.8,0.8,74
L,2175502,2175550,52,2839.3,1148.0,1931.0,1116.0,8.2,210
L,2177278,2177334,60,1936.4,1107.8,2601.3,1107.6,6.0,124
L,2178850,2178898,52,2902.1,1138.9,2046.9,1109.8,7.7,200
L,2180542,2180582,44,1849.4,1117.3,1393.8,1122.2,4.1,115
L,2180794,2180802,12,1047.5,1122.1,1005.5,1101.6,0.5,56
L,2182002,2182042,44,1170.3,1118.5,1685.0,1103.9,4.6,130
L,2182598,2182806,212,1851.0,1155.7,1819.7,1199.2,0.6,1038
L,2184678,2184718,44,1730.7,1119.0,1312.2,1135.1,3.8,103
L,2186394,2186446,56,1088.2,1208.3,1721.6,1145.0,5.7,135
L,2188390,2188402,16,2635.8,1087.8,2703.9,1084.2,0.6,52
L,2188734,2188746,16,2775.3,1086.3,2852.2,1092.7,0.7,61
L,2191698,2191994,300,2956.7,1082.6,1830.0,1146.3,10.2,683
L,2193834,2193850,20,1716.9,1086.5,1593.7,1085.8,1.1,74
L,2194278,2194290,16,1001.6,1052.5,933.0,1024.0,0.7,60
L,2194470,2194482,16,872.8,969.1,996.8,1021.3,1.2,109
L,2198234,2198482,252,1253.6,1229.0,1907.6,1201.7,5.9,586
L,2201098,2201150,56,2918.3,1176.6,1956.4,1101.5,8.7,210
L,2201466,2201486,24,1872.1,1112.9,2076.7,1088.7,1.9,102
L,2202842,2203402,564,1871.7,1305.9,1862.3,1162.0,1.8,270
L,2205986,2209526,3544,2951.7,1348.6,1386.2,1108.4,14.3,861
L,2209650,2209674,28,1623.9,1106.1,1914.5,1153.5,2.7,134
L,2209846,2209862,20,2063.6,1163.3,1943.6,1141.4,1.1,80
L,2210022,2210070,52,1940.4,1155.9,2795.6,1156.3,7.7,190
L,2210378,2210390,16,2884.8,1159.6,2960.2,1165.1,0.7,59
L,2210858,2210874,20,2953.8,1184.2,2822.0,1180.4,1.2,82
L,2211302,2211346,48,2733.9,1203.9,1984.3,1155.0,6.8,184
L,2211762,2211942,184,1895.1,1152.4,1837.9,1139.6,0.5,807
L,2213426,2213478,56,1946.4,1093.9,2566.3,1085.3,5.6,132
L,2213690,2213698,12,2730.3,1101.8,2779.5,1107.1,0.5,56
L,2214206,2214218,16,2840.7,1129.0,2915.3,1149.4,0.7,61
L,2215270,2215318,52,2930.9,1154.3,2057.1,1098.4,7.9,194
L,2215750,2216042,296,1945.1,1135.0,1753.9,1147.6,1.7,762
L,2216506,2216522,20,1907.4,1067.6,2035.7,1070.7,1.2,79
L,2218470,2218522,56,1917.2,1092.0,2467.5,1075.0,5.0,116
L,2219234,2219242,12,2781.9,1068.0,2830.3,1076.0,0.5,56
L,2220450,2220498,52,2896.1,1175.3,2045.6,1106.0,7.7,206
L,2223278,2223318,44,1811.9,1126.1,1157.5,1114.0,5.8,168
L,2223670,2223678,12,1058.5,1159.9,1050.0,1197.6,0.5,59
L,2224930,2224982,56,1106.6,1131.5,1809.0,1083.7,6.3,145
L,2225402,2225594,196,1841.5,1143.2,1791.7,1168.1,0.6,1027
L,2226930,2226986,60,1886.8,1107.7,2602.2,1067.5,6.5,150
L,2227898,2227910,16,2877.8,1073.6,2902.6,1129.4,0.7,64
L,2228546,2228594,52,2889.0,1168.7,1979.0,1117.2,8.2,220
L,2229866,2229890,28,1895.9,1099.2,2098.4,1094.8,1.8,86
L,2229970,2229990,24,2293.2,1091.9,2487.0,1088.1,1.8,95
L,2231530,2231546,20,2833.5,1157.4,2715.3,1144.3,1.1,72
L,2231706,2231714,12,2669.6,1135.4,2721.8,1136.9,0.5,59
L,2232474,2232666,196,2678.0,1150.4,2708.8,1219.4,0.9,2773
L,2233678,2233722,48,2688.1,1152.0,1986.6,1099.8,6.4,180
L,2235274,2235294,24,1990.8,1083.7,2149.6,1083.5,1.4,76
L,2236054,2236062,12,2825.0,1184.3,2884.1,1192.1,0.5,67
L,2236378,2236390,16,2917.6,1195.3,2934.0,1146.4,0.6,56
L,2237502,2237562,64,2915.0,1076.0,1952.5,1089.5,8.7,170
L,2240982,2241046,68,2828.6,1128.1,2080.6,1092.2,6.8,129
L,2242502,2242522,24,1845.9,1095.5,1688.0,1119.3,1.4,80
L,2243582,2243594,16,922.5,1266.0,1007.5,1270.3,0.7,63
L,2244486,2244618,136,1113.4,1308.3,1730.0,1270.8,5.5,397
L,2244778,2244950,176,1788.6,1197.2,1697.4,974.2,2.9,703
L,2245038,2245062,28,1713.5,888.9,1612.6,717.5,2.3,102
L,2245094,2245106,16,1616.8,522.3,1596.7,387.4,1.6,140
L,2245338,2245394,60,1581.5,336.3,2065.3,956.3,8.6,216
L,2245834,2245846,16,2074.0,1021.3,1994.8,1045.2,0.8,67
L,2246198,2246446,252,1754.2,1117.4,1650.3,1164.7,1.1,679
L,2246942,2247274,336,1697.3,1079.8,1659.7,1171.3,1.2,614
L,2247862,2248362,504,1816.0,1234.3,1795.6,1336.9,1.3,297
L,2248658,2249206,552,1794.4,1630.3,1736.1,1596.4,0.7,153
L,2249282,2249290,12,1866.8,1598.6,1946.8,1637.9,0.9,109
L,2249350,2249978,632,1769.2,1577.8,1505.7,1788.8,3.5,3267
L,2250018,2257190,7176,1599.4,1700.2,1737.7,937.1,9.5,775
L,2257862,2257870,12,2004.5,1078.1,1950.0,1079.3,0.5,61
L,2258026,2258194,172,1915.8,1129.0,1817.3,1172.6,1.0,298
L,2259902,2259922,24,1913.3,1125.3,2061.0,1126.8,1.3,77
L,2260102,2260110,12,2630.2,1150.5,2679.4,1149.6,0.4,55
L,2260386,2260394,12,2821.2,1160.3,2867.2,1161.7,0.4,51
L,2262058,2262258,204,2826.8,1162.7,1824.0,1161.8,9.0,2043
L,2263994,2264046,56,1896.5,1089.3,1159.0,1139.9,6.6,153
L,2266542,2266874,336,1133.4,1288.5,1801.1,1226.3,6.0,668
L,2268850,2268898,52,1843.7,1095.0,1317.0,1140.7,4.7,108
L,2269130,2269138,12,1084.1,1199.2,1025.6,1223.7,0.6,74
L,2271546,2271566,24,962.8,1293.1,1122.1,1254.0,1.5,81
L,2271594,2271618,28,1393.6,1192.8,1648.4,1148.2,2.3,103
L,2275250,2275270,24,1718.6,1147.1,1536.0,1164.6,1.6,87
L,2277242,2277678,440,1141.8,1336.7,1677.1,1618.6,5.9,375
L,2281418,2281434,20,1849.3,1134.0,1720.1,1143.5,1.2,76
L,2281598,2281606,12,1094.2,1212.2,1032.0,1218.2,0.6,69
L,2281990,2282002,16,968.3,1237.8,1041.6,1234.4,0.6,55
L,2282962,2283414,456,1070.8,1287.7,1720.2,1146.7,6.0,353
L,2286106,2286146,44,1848.9,1111.7,1350.4,1204.8,4.6,132
L,2286326,2286334,12,1193.1,1259.4,1140.4,1271.0,0.5,61
L,2286966,2287258,296,1083.7,1277.7,2005.2,1164.6,8.3,434
L,2287514,2287574,64,2020.6,1100.5,1083.9,1209.6,8.4,172
L,2287886,2287898,16,1052.0,1233.7,1130.8,1224.5,0.7,61
L,2288398,2288454,60,1244.5,1224.0,1940.2,1116.5,6.4,127
L,2288630,2288638,12,2006.2,1111.6,1958.7,1113.5,0.4,54
L,2290862,2290902,44,1793.2,1118.3,1243.3,1222.7,5.1,144
L,2291762,2291778,20,1162.1,1256.2,1287.3,1232.4,1.1,74
L,2291946,2292182,240,1526.2,1232.4,1791.4,1179.3,2.5,834
L,2293734,2293758,28,1845.8,1111.2,1633.9,1129.0,1.9,87
L,2293962,2293974,16,1190.8,1210.0,1111.0,1240.0,0.8,70
L,2294234,2294246,16,1057.5,1264.1,987.7,1276.4,0.6,54
L,2295406,2295462,60,947.3,1292.7,1709.0,1123.0,7.0,142
L,2296954,2297002,52,1745.4,1144.7,1190.3,1202.5,5.0,115
L,2298574,2298622,52,1008.4,1246.3,1681.1,1130.5,6.1,150
L,2299026,2299282,260,1817.7,1171.8,1763.5,1160.9,0.5,941
L,2300638,2300658,24,1727.7,1097.0,1556.8,1115.5,1.5,84
L,2303682,2303742,64,1057.0,1244.2,1669.4,1154.3,5.5,110
L,2305794,2305854,64,1900.5,1076.3,2587.1,1046.9,6.2,117
L,2306590,2306602,16,2861.3,1034.9,2901.1,1091.1,0.8,68
L,2306934,2306950,20,2904.1,1131.2,2899.7,1026.2,1.3,91
L,2307646,2307878,236,2843.3,1023.6,1949.1,1146.6,8.2,2357
L,2308042,2308054,16,1930.1,1076.2,1847.4,1083.3,0.8,66
L,2309690,2309726,40,1727.7,1143.0,1316.3,1186.0,3.7,115
L,2310426,2310438,16,1057.8,1247.4,1013.2,1298.0,0.7,63
L,2311350,2311618,272,1084.3,1312.2,1875.9,1235.6,7.1,696
L,2312922,2312942,24,1834.7,1097.8,1668.1,1111.7,1.5,84
L,2313046,2313062,20,1507.2,1135.6,1318.5,1154.0,1.7,116
L,2313794,2313802,12,1066.0,1244.4,1012.3,1273.5,0.6,73
L,2315058,2315110,56,1095.1,1279.3,1727.8,1116.7,5.9,130
L,2316358,2316406,52,1933.7,1102.3,2549.1,1101.2,5.5,126
L,2316622,2316630,12,2737.6,1115.8,2784.5,1118.7,0.4,53
L,2317690,2317730,44,2835.8,1132.2,2122.0,1094.8,6.4,198
L,2317886,2317926,44,2049.1,1105.5,2793.2,1117.1,6.7,193
L,2318594,2318650,60,2922.5,1129.0,1885.8,1068.3,9.3,203
L,2320286,2320342,60,1929.0,1084.4,2572.2,1059.2,5.8,110
L,2321102,2321118,20,2932.8,1046.2,2954.4,1153.0,1.3,96
L,2321502,2321514,16,2952.9,1120.6,2961.4,1059.0,0.8,66
L,2322026,2322070,48,2975.6,1037.4,3270.0,1066.6,2.6,139
L,2322314,2322390,80,3270.0,1056.7,2054.5,1000.2,10.7,256
L,2324226,2324238,16,1831.6,1061.3,1747.0,1076.3,0.8,68
L,2324406,2324422,20,1308.4,1143.0,1171.2,1168.3,1.2,88
L,2324534,2324546,16,1060.6,1183.6,977.6,1186.2,0.7,63
L,2326622,2326886,268,1127.2,1253.4,1844.4,1135.3,6.5,792
L,2328230,2328250,24,1906.7,1066.2,2060.8,1054.8,1.4,72
L,2328534,2328542,12,2780.5,1028.4,2826.2,1028.4,0.4,51
L,2329258,2329270,16,2952.7,1082.7,2964.0,1154.5,0.9,78
L,2330214,2330286,76,2883.0,1111.0,1852.1,1100.8,9.2,174
L,2331818,2331838,24,1910.1,1071.7,2068.2,1064.2,1.4,81
L,2332114,2332122,12,2701.5,1065.6,2752.0,1062.7,0.5,57
L,2332526,2332534,12,2814.7,1083.0,2854.5,1105.5,0.5,56
L,2333166,2333178,16,2933.4,1133.2,2835.8,1133.6,0.9,75
L,2336770,2336782,16,2813.6,1103.5,2888.6,1114.2,0.7,60
L,2337974,2338522,552,2776.5,1230.2,2798.5,1413.7,2.3,120
L,2338618,2338670,56,1644.2,1594.2,1621.0,1623.1,0.4,199
L,2338706,2341090,2388,1580.5,1777.1,2144.0,1252.9,8.2,579
L,2341178,2341194,20,2166.8,1143.0,2001.5,1096.2,1.6,108
L,2341382,2341390,12,1981.8,1133.1,1926.5,1116.5,0.5,67
L,2343074,2343130,60,1766.0,1138.7,1063.6,1228.4,6.3,124
L,2345162,2345458,300,998.0,1321.6,1731.4,1159.4,6.8,547
L,2345866,2345890,28,1803.4,971.2,1775.8,831.3,1.7,89
L,2345942,2345950,12,1771.8,524.0,1765.9,437.2,1.0,129
L,2346230,2346274,48,1768.9,474.0,1938.3,853.8,4.8,126
L,2346618,2347222,608,1954.9,1088.5,1987.3,1167.6,1.0,377
L,2348634,2348646,16,1744.3,1098.0,1807.2,1069.7,0.7,57
L,2352422,2352662,244,2012.0,1051.9,1964.4,1136.9,1.1,919
L,2353494,2355014,1524,1998.2,1012.2,1872.2,1113.8,1.7,948
L,2356250,2356862,616,1933.9,1055.2,1877.5,1152.2,1.3,799
L,2357138,2357150,16,1908.7,1116.9,1865.6,1057.8,0.8,74
L,2357610,2357710,104,1879.2,1039.8,2294.2,3270.0,26.3,340
L,2358334,2358558,228,1639.3,1676.6,1817.5,1135.5,7.0,433
L,2361322,2361366,48,1936.4,1101.4,2441.6,1100.5,4.6,121
L,2361490,2361510,24,2577.1,1120.8,2768.6,1136.4,1.8,98
L,2362538,2362578,44,2850.9,1185.9,2074.6,1118.6,7.1,216
L,2362726,2362774,52,1992.6,1135.2,2837.1,1162.7,7.7,185
L,2363478,2363526,52,2867.5,1162.1,2014.2,1085.2,7.8,188
L,2365054,2365106,56,1935.1,1118.4,2598.5,1118.9,6.0,126
L,2365334,2365342,12,2758.8,1145.9,2804.5,1154.3,0.4,53
L,2366658,2366710,56,2884.4,1182.0,1934.2,1105.8,8.7,208
L,2368122,2368170,52,1840.8,1125.5,1160.8,1179.1,6.1,142
L,2369010,2369018,12,1023.4,1239.4,1077.7,1230.9,0.5,61
L,2369946,2370134,192,1166.4,1281.5,1820.6,1182.2,6.0,735
L,2371750,2371798,52,1898.6,1112.4,2408.3,1126.1,4.6,107
L,2371910,2371922,16,2649.7,1144.7,2739.8,1153.3,0.8,73
L,2373198,2373242,48,2753.8,1193.1,1989.2,1139.1,7.0,191
L,2373854,2373870,20,1896.1,1147.0,2014.0,1132.4,1.1,71
L,2374158,2374174,20,2057.5,1127.5,1931.2,1124.4,1.1,81
L,2375370,2375394,28,1900.4,1107.0,2116.7,1113.7,2.0,95
L,2375622,2375634,16,2621.2,1168.5,2700.0,1175.7,0.7,62
L,2376910,2377142,236,2834.7,1141.4,-188.8,2969.1,32.8,2328
L,2378570,2378582,16,1928.8,1104.9,2017.5,1105.6,0.8,70
L,2378770,2378790,24,2281.2,1104.4,2512.5,1114.5,2.1,114
L,2379018,2379026,12,2840.5,1144.5,2898.0,1148.4,0.5,65
L,2379518,2379534,20,2896.3,1162.2,2715.4,1174.2,1.6,118
L,2379782,2379794,16,2731.3,1182.1,2812.7,1183.3,0.7,63
L,2380730,2380782,56,2798.2,1186.7,1982.0,1123.0,7.5,184
L,2382478,2382530,56,1847.8,1134.7,1218.4,1189.1,5.7,126
L,2383334,2383346,16,946.2,1297.6,1055.0,1305.9,1.0,86
L,2384258,2384506,252,1134.2,1319.4,1880.7,1186.4,6.9,719
L,2386054,2386070,20,1619.9,1139.2,1506.5,1136.3,1.0,67
L,2386290,2386298,12,1100.7,1140.3,1055.5,1128.5,0.4,53
L,2386838,2386854,20,1053.3,1115.6,1050.2,1203.1,1.1,72
L,2388678,2388730,56,1091.6,1140.0,1744.5,1096.4,5.9,136
L,2390438,2390490,56,1810.3,1112.9,1314.5,1170.4,4.5,105
L,2392286,2392322,40,1084.8,1270.9,1476.6,1209.8,3.6,112
L,2393922,2393942,24,1762.0,1136.1,1580.0,1155.4,1.7,91
L,2396330,2396370,44,1324.9,1333.2,1431.9,1826.7,6.2,340
L,2396410,2396462,56,1552.9,1796.8,1820.6,1274.9,7.0,397
L,2407198,2407246,52,2892.9,1173.4,2065.6,1121.9,7.5,195
L,2408126,2408430,308,1840.8,1224.3,1819.2,1150.1,0.9,449
L,2409974,2410210,240,1844.8,1176.6,1829.9,1211.1,0.5,571
L,2410938,2410986,52,1922.8,1081.2,2618.8,1142.0,6.3,156
L,2412174,2412222,52,2792.9,1169.2,1961.9,1092.7,7.6,191
L,2413818,2413830,16,1927.3,1088.8,1996.7,1085.4,0.6,54
L,2414474,2414522,52,2060.0,1092.9,2829.2,1159.4,7.0,175
L,2415902,2415954,56,2938.2,1147.6,2027.3,1077.9,8.3,197
L,2417570,2417590,24,1900.4,1107.2,2050.2,1105.3,1.4,73
L,2417914,2417926,16,2789.8,1141.7,2866.9,1141.4,0.7,61
L,2420042,2420094,56,2857.9,1153.4,2012.8,1084.5,7.7,173
L,2421602,2421622,24,1933.1,1077.8,2095.4,1074.9,1.5,79
L,2421850,2421862,16,2653.3,1139.8,2725.7,1154.2,0.7,59
L,2422042,2422050,12,2799.7,1181.3,2845.6,1199.4,0.5,59
L,2422722,2422738,20,2965.1,1209.9,2917.4,1129.8,1.1,74
L,2424182,2424230,52,2926.8,1036.9,2144.1,1026.4,7.1,172
L,2424610,2424822,216,1971.6,1097.9,1780.2,1175.6,2.0,698
L,2425178,2425206,32,1917.3,1094.2,2217.9,1086.2,2.7,105
L,2425530,2425558,32,2429.1,1100.2,2038.1,1089.9,3.5,153
L,2427322,2427338,20,2284.3,1118.2,2419.4,1125.2,1.2,83
L,2429794,2429854,64,2886.8,1181.3,2015.0,1148.4,7.9,162
L,2430362,2430654,296,1864.1,1179.4,1838.5,1135.3,0.6,460
L,2433034,2433046,16,1086.9,1315.5,1200.6,1289.5,1.1,93
L,2433642,2433690,52,1846.8,1155.2,1073.2,1274.9,7.1,179
L,2433918,2433970,56,1017.7,1271.8,1817.1,1109.1,7.4,166
L,2436314,2436382,72,1930.7,1139.6,2712.9,1171.7,7.1,125
L,2437918,2437970,56,2947.1,1136.7,2008.8,1107.6,8.5,204
L,2442258,2442466,212,1902.3,1085.8,1929.1,945.4,1.8,359
L,2443190,2449862,6676,1842.1,715.2,1944.0,1447.1,9.1,541
L,2450642,2451086,448,1912.2,1322.5,1950.5,1064.7,3.2,395
L,2451186,2462394,11212,1912.2,1322.5,1950.5,1064.7,3.0,0
L,2462650,2462666,20,1798.4,1170.9,1809.0,1036.8,1.6,112
L,2462974,2462982,12,1873.7,1022.8,1916.7,1023.0,0.4,49
L,2463638,2463650,16,2031.4,1067.9,2112.1,1064.8,0.8,64
L,2463914,2463926,16,2217.2,1043.2,2151.2,1036.6,0.6,53
L,2464062,2465926,1868,2122.1,1054.7,1660.3,1041.6,4.2,2317
L,2466170,2466186,20,1693.0,1030.2,1803.5,1049.8,1.0,70
L,2467806,2467834,32,1890.5,1141.0,2230.6,1108.3,3.1,132
L,2468106,2468126,24,2405.1,1109.8,2655.3,1109.2,2.3,124
L,2468294,2468302,12,2842.8,1101.6,2897.8,1097.3,0.5,62
L,2469698,2469746,52,2923.1,1149.1,2024.2,1117.7,8.1,207
L,2471330,2471374,48,1897.7,1140.8,2408.4,1135.1,4.6,120
L,2471458,2471474,20,2619.3,1143.0,2757.8,1147.6,1.2,90
L,2472350,2472366,20,2812.8,1187.8,2697.9,1180.1,1.0,74
L,2473002,2473018,20,2724.0,1181.6,2867.6,1199.7,1.3,90
L,2473894,2474098,208,2847.1,1183.8,1873.7,1119.6,8.8,735
L,2475558,2475582,28,1898.4,1107.8,2122.7,1109.6,2.0,99
L,2475722,2475738,20,2687.5,1147.2,2819.6,1146.1,1.2,82
L,2477082,2477126,48,2815.9,1157.8,2033.3,1107.4,7.1,188
L,2478574,2478634,64,1885.9,1112.7,2645.2,1066.0,6.9,127
L,2479566,2479582,20,2869.0,1087.5,2897.8,1156.2,0.9,58
L,2480826,2480874,52,2860.4,1159.5,1986.8,1123.7,7.9,205
L,2482386,2482654,272,1916.9,1153.9,2585.2,1148.0,6.1,1134
L,2483810,2483822,16,2799.9,1138.7,2703.8,1146.3,0.9,77
L,2484950,2485002,56,2742.1,1148.8,1943.0,1108.5,7.2,171
L,2486450,2486502,56,1843.7,1133.1,1258.9,1201.3,5.3,139
L,2486650,2486662,16,1097.7,1255.6,1022.8,1283.2,0.7,64
L,2487522,2487534,16,888.7,1314.3,1013.1,1311.5,1.1,97
L,2488278,2488490,216,1175.8,1349.8,1804.8,1252.1,5.8,754
L,2489842,2489886,48,1883.8,1117.0,2329.3,1124.6,4.0,105
L,2490822,2490834,16,2875.1,1139.4,2861.9,1065.2,0.9,81
L,2491306,2491322,20,2938.3,1046.0,2923.0,1162.3,1.4,99
L,2491614,2491630,20,2893.0,1179.2,2886.9,1073.5,1.3,92
L,2491858,2491906,52,2867.3,1026.8,1968.4,1050.4,8.1,201
L,2493530,2493546,20,1806.8,1114.7,1684.9,1139.0,1.1,79
L,2494414,2494434,24,1061.1,1290.0,1023.5,1128.4,2.0,119
L,2495350,2495390,44,1166.4,1111.3,1545.1,1107.9,3.4,98
L,2496950,2496966,20,1786.3,1094.8,1663.2,1108.1,1.1,75
L,2499066,2499402,340,967.9,1419.0,1636.2,1242.4,6.3,424
L,2502186,2502198,16,1000.5,1248.8,1096.9,1250.7,0.8,74
L,2503162,2503422,264,1151.1,1309.1,1767.3,1211.6,5.7,556
L,2504906,2504918,16,1898.2,1109.7,1976.3,1104.0,0.7,60
L,2505998,2506010,16,2871.1,1157.7,2775.1,1155.7,0.9,75
L,2506158,2506170,16,2762.2,1156.3,2848.4,1158.3,0.8,68
L,2507478,2507550,76,2917.6,1178.5,1928.8,1123.8,8.9,166
L,2508990,2509002,16,1846.1,1096.7,1769.8,1113.0,0.7,61
L,2509910,2509922,16,978.7,1244.9,1110.1,1228.0,1.2,105
L,2510762,2510818,60,1184.7,1264.2,1770.2,1134.8,5.5,117
L,2512266,2512318,56,1931.6,1086.6,2414.9,1095.7,4.4,127
L,2513354,2513370,20,2936.9,1069.6,2976.6,1159.7,1.2,82
L,2513838,2513846,12,2948.3,1177.3,2937.4,1140.2,0.5,59
L,2515042,2515266,228,2872.4,1101.1,1867.8,1162.6,9.1,1021
L,2515530,2515570,44,1930.7,1094.2,2369.2,1090.2,4.0,107
L,2516422,2516458,40,2614.5,1105.1,1997.8,1095.4,5.6,187
L,2518014,2518054,44,1825.7,1087.9,1146.3,1128.2,6.1,173
L,2518798,2518810,16,1071.6,1152.4,1001.0,1139.1,0.6,55
L,2519374,2519406,36,1074.1,1107.3,1512.1,1105.6,3.9,144
L,2521706,2521718,16,2747.2,1141.1,2831.3,1147.1,0.8,66
L,2522962,2523022,64,2813.1,1140.5,2008.8,1111.3,7.3,135
L,2523178,2523234,60,1944.2,1118.8,2742.8,1152.8,7.2,155
L,2524338,2524390,56,2819.2,1165.3,2120.1,1100.2,6.4,164
L,2526786,2526834,52,1919.8,1105.5,2716.6,1031.5,7.3,171
L,2527078,2527090,16,2862.0,1053.6,2931.6,1111.6,1.0,83
L,2527434,2527446,16,2958.8,1124.9,2951.9,1061.1,0.8,69
L,2527958,2528006,52,2916.8,1030.3,2098.4,1048.3,7.4,181
L,2528230,2528414,188,1929.6,1124.6,1857.1,1157.8,0.8,729
L,2528734,2528758,28,1918.4,1086.2,2154.7,1060.7,2.2,101
L,2529558,2529586,32,2524.8,1068.3,1979.4,1077.7,5.0,210
L,2530986,2531022,40,1886.5,1084.9,1406.3,1098.3,4.3,137
L,2531222,2531230,12,1323.1,1118.0,1371.1,1107.5,0.5,56
L,2531838,2531858,24,1452.7,1100.7,1259.0,1106.3,1.7,94
L,2532302,2532346,48,1095.5,1088.3,1672.2,1070.7,5.1,135
L,2534134,2534182,52,1768.5,1121.0,1227.3,1166.7,4.9,110
L,2535658,2535666,12,1170.0,1135.4,1212.6,1128.4,0.4,49
L,2535694,2535706,16,1437.4,1120.5,1575.7,1117.2,1.2,104
L,2539054,2539094,44,1141.1,1320.1,1593.5,1187.2,4.3,132
L,2539742,2539766,28,1241.2,1270.0,1428.9,1230.3,1.7,93
L,2542202,2543086,888,1029.1,1313.8,1364.9,1163.7,3.5,240
L,2543230,2543246,20,1553.7,1130.4,1665.8,1133.8,1.0,68
L,2544438,2544454,20,1961.6,988.3,2000.6,913.7,1.0,66
L,2545754,2555290,9540,1768.9,1064.6,1537.7,1041.4,2.1,328
L,2555706,2555862,160,1937.2,1136.7,1877.2,1042.0,1.3,425
L,2556074,2556094,24,1966.5,958.8,2037.1,822.3,1.8,98
L,2556682,2556722,44,2126.9,638.6,1932.3,1064.2,5.5,166
L,2558402,2558666,268,1789.9,1150.6,1064.3,1358.8,7.0,764
L,2559982,2559994,16,959.1,1327.7,1036.4,1318.2,0.7,60
L,2561566,2561798,236,1084.9,1381.0,1806.8,1198.4,6.8,611
L,2563506,2563546,44,1750.4,1206.7,1206.4,1240.5,5.0,144
L,2565134,2565182,52,1116.5,1325.8,1741.7,1155.9,6.0,145
L,2566622,2566662,44,1887.5,1150.1,1331.8,1136.2,5.1,145
L,2566870,2566878,12,1180.8,1147.2,1133.5,1145.5,0.4,53
L,2568210,2568262,56,1137.8,1146.2,1788.0,1114.1,5.9,128
L,2569806,2569826,24,1936.7,1139.9,2096.7,1120.0,1.5,83
L,2570830,2570842,16,2928.7,1123.2,2923.9,1192.7,0.9,79
L,2571498,2571546,52,2895.4,1213.8,2030.7,1141.1,7.9,205
L,2572942,2573002,64,1858.7,1143.8,1153.8,1213.9,6.5,123
L,2573202,2573214,16,991.7,1250.1,934.8,1287.0,0.7,59
L,2573950,2574126,180,919.8,1296.4,897.0,1360.3,0.8,686
L,2574538,2574594,60,960.6,1286.6,1772.9,1135.5,7.6,154
L,2576142,2576166,28,1675.5,1139.3,1404.4,1142.8,2.5,110
L,2577758,2577802,48,1115.6,1109.7,1748.4,1079.8,5.7,157
L,2577998,2578178,184,1826.7,1131.4,1808.6,1175.2,0.6,980
L,2579722,2579738,20,1961.1,1128.3,2066.2,1140.5,1.0,69
L,2580486,2580494,12,2850.7,1191.1,2901.2,1202.9,0.5,60
L,2580666,2580682,20,2917.0,1191.5,2896.1,1100.1,1.2,80
L,2584610,2584626,20,2889.2,1169.1,2910.6,1090.5,1.0,69
L,2585590,2585922,336,2849.8,1071.3,1814.8,1211.3,9.6,959
L,2587054,2587082,32,1786.5,1143.3,1492.9,1192.8,2.8,112
L,2592030,2592182,156,1084.0,1228.7,972.9,1822.0,7.5,128
L,2592822,2594886,2068,1055.6,1432.4,1484.1,1147.5,5.2,1716
L,2597154,2597494,344,1574.4,1232.1,767.5,1212.5,7.2,465
L,2598898,2598906,12,1083.7,1232.4,1075.9,1269.5,0.5,58
L,2598938,2598962,28,1053.1,1403.5,997.1,1640.4,3.0,136
L,2599014,2599218,208,1053.1,1403.5,997.1,1640.4,3.0,0
L,2599342,2601450,2112,943.4,1884.7,1653.6,1178.3,10.8,1202
L,2601634,2601646,16,1792.4,1165.6,1871.3,1141.8,0.8,69
L,2602870,2602926,60,1993.8,1144.9,2912.0,1141.4,8.3,178
L,2604342,2604582,244,2889.2,1209.8,2979.5,1234.1,0.9,714
L,2605962,2606018,60,3039.3,1156.4,2061.2,1116.6,8.8,187
L,2607726,2607774,52,1894.6,1118.5,1317.5,1138.7,5.2,131
L,2609030,2609074,48,1178.3,1133.1,1780.6,1091.6,5.5,144
L,2610490,2610510,24,1947.7,1108.8,2124.2,1105.5,1.6,85
L,2610646,2610654,12,2582.1,1112.2,2632.3,1116.2,0.5,57
L,2611330,2611342,16,2801.7,1121.1,2872.5,1129.2,0.7,55
L,2613634,2613870,240,2833.4,1157.6,2016.6,1166.7,7.4,1374
L,2615242,2615290,52,1825.0,1108.4,1224.0,1171.7,5.5,129
L,2616814,2616862,52,974.2,1252.6,1686.1,1127.3,6.5,156
L,2618414,2618454,44,1948.6,1098.0,2349.0,1069.3,3.6,104
L,2619506,2619522,20,2906.4,1117.0,2890.8,1006.4,1.4,98
L,2620426,2620478,56,2896.5,1025.3,2035.3,1040.2,7.7,184
L,2621970,2622026,60,1966.8,1085.3,2490.6,1085.0,4.7,101
L,2625194,2625218,28,2228.7,1191.1,2014.1,1350.5,2.8,120
L,2628242,2628286,48,3270.0,1582.8,3270.0,1472.0,1.4,845
L,2628486,2628502,20,2960.0,1091.6,2961.9,1277.5,2.3,171
L,2629298,2629358,64,2935.7,1055.2,1989.2,1105.2,8.5,177
L,2631034,2631506,476,1899.0,1226.4,2806.8,1076.9,8.4,368
L,2632050,2632854,808,3023.6,1201.9,3156.8,1080.3,1.9,829
L,2634722,2637602,2884,1969.2,1601.8,2044.9,1104.3,6.2,734
L,2637722,2637734,16,2087.4,1103.7,1979.1,1115.9,1.0,87
L,2639314,2639358,48,1905.1,1121.2,1230.0,1134.9,6.0,176
L,2641250,2641294,48,1125.6,1087.7,1776.1,1061.3,5.8,170
L,2641466,2641666,204,1914.0,1102.5,2163.6,750.1,4.9,666
L,2642018,2653386,11372,2244.9,624.3,1687.8,1155.8,8.3,419
L,2653794,2653814,24,1772.0,1060.7,1923.1,975.3,1.7,98
L,2654026,2654182,160,1986.7,969.5,1822.3,1183.8,3.1,480
L,2656046,2656066,24,1739.8,1183.4,1500.6,1219.0,2.2,121
L,2656946,2657170,228,1042.1,1332.8,962.9,1477.9,1.9,804
L,2657810,2657862,56,1039.7,1292.1,1742.9,1124.0,6.6,142
L,2658498,2658682,188,1867.2,1134.6,1835.7,1160.3,0.4,1142
L,2659854,2659874,24,1855.3,1096.3,1693.1,1094.5,1.5,88
L,2660062,2660070,12,1185.6,1135.5,1130.8,1148.8,0.5,64
L,2660854,2660874,24,1006.4,1148.5,1059.4,1293.3,1.9,109
L,2661186,2661206,24,1039.3,1348.4,1045.1,1166.1,2.2,130
L,2661694,2661886,196,1061.3,1127.3,1785.0,1189.5,6.5,726
L,2663354,2663398,48,1778.6,1136.8,1263.9,1122.4,4.6,120
L,2664630,2664858,232,1091.0,1172.8,1685.8,1218.9,5.4,755
L,2666250,2666274,28,1965.0,1142.8,2191.5,1132.9,2.1,99
L,2668034,2668082,52,2914.8,1165.4,2062.1,1113.7,7.7,189
L,2669598,2669650,56,1862.1,1123.6,1269.2,1176.1,5.4,111
L,2670442,2670454,16,1032.7,1188.2,987.5,1244.6,0.8,70
L,2671398,2671618,224,1050.5,1303.6,1783.3,1202.7,6.7,659
L,2672978,2673030,56,1904.6,1131.2,2424.5,1117.5,4.7,106
L,2673946,2673958,16,2915.0,1162.3,2912.3,1095.2,0.8,71
L,2674834,2674886,56,2891.1,1065.1,2035.1,1081.3,7.7,176
L,2676294,2676306,16,1839.7,1096.3,1738.1,1104.9,0.9,80
L,2678398,2678646,252,1174.7,1316.1,1827.1,1224.1,6.0,735
L,2680982,2680990,12,2933.5,1042.7,2953.4,1082.7,0.5,66
L,2681914,2681990,80,2893.8,1123.2,2004.3,1096.6,8.0,145
L,2683446,2683502,60,1947.4,1082.5,2461.9,1097.7,4.7,103
L,2686490,2686734,248,2855.6,1161.0,1853.2,1195.1,9.0,2095
L,2688214,2688234,24,1663.9,1143.6,1503.7,1161.6,1.5,76
L,2692862,2692882,24,2184.6,1141.9,2370.5,1122.0,1.7,98
L,2693034,2693042,12,2604.2,1125.7,2652.2,1132.6,0.4,55
L,2693586,2693910,328,2861.3,1230.6,3091.9,1304.0,2.2,204
L,2695722,2698646,2928,1317.3,1998.9,1609.6,1184.3,10.4,356
L,2698774,2698790,20,1795.0,1156.4,1942.5,1134.5,1.4,97
L,2698954,2698962,12,1986.7,1137.0,1948.0,1109.5,0.5,61
L,2700074,2700126,56,1930.5,1109.8,2844.4,1104.9,8.2,183
L,2701342,2703562,2224,2999.0,1191.0,2947.1,1181.0,0.5,2993
L,2704030,2704038,12,2993.7,1183.5,3043.9,1177.4,0.5,56
L,2704374,2704430,60,3044.5,1180.2,2001.8,1113.6,9.4,224
L,2705826,2705886,64,1870.0,1119.0,1113.9,1211.9,6.9,143
L,2706058,2706066,12,933.6,1254.9,879.1,1263.2,0.5,61
L,2707550,2707786,240,942.5,1345.9,1702.7,1226.3,7.0,616
L,2709046,2709054,12,1832.7,1138.7,1789.3,1137.2,0.4,49
L,2709290,2709302,16,1668.0,1166.8,1567.0,1183.8,0.9,79
L,2710134,2710150,20,931.6,1277.7,1074.7,1282.0,1.3,89
L,2710902,2710946,48,1170.2,1289.8,1742.5,1131.2,5.5,140
L,2712674,2712722,52,1850.5,1101.6,1305.2,1169.3,5.0,112
L,2713658,2713666,12,1001.8,1256.2,1059.0,1257.0,0.5,63
L,2714274,2714314,44,1154.9,1241.2,1710.5,1119.1,5.2,148
L,2715778,2715834,60,1913.8,1109.6,2458.3,1102.1,4.9,117
L,2715966,2716218,256,2619.9,1152.8,2803.7,1200.7,1.8,1760
L,2716950,2716966,20,2920.1,1153.6,2905.0,1041.8,1.4,97
L,2718034,2718258,228,2899.0,1138.8,1867.9,1179.1,9.3,2524
L,2721002,2721262,264,1150.4,1295.5,1795.2,1192.2,5.9,528
L,2722618,2722642,28,1917.2,1092.5,2100.4,1059.0,1.7,88
L,2722982,2722994,16,2686.6,1026.8,2757.1,1023.7,0.6,54
L,2725102,2725166,68,2905.6,1073.9,2070.5,1081.1,7.5,144
L,2726734,2726782,52,1848.6,1090.1,1365.1,1144.3,4.4,103
L,2726946,2726962,20,1151.5,1192.0,1041.2,1206.3,1.0,69
L,2727570,2727578,12,962.4,1238.3,1019.3,1241.5,0.5,63
L,2728750,2728990,244,1224.8,1260.3,1680.2,1160.1,4.3,703
L,2729110,2729118,12,1762.8,1096.7,1821.3,1101.6,0.5,67
L,2730406,2730426,24,1883.6,1118.4,2049.5,1101.9,1.5,87
L,2731054,2731078,28,2210.8,1117.3,2476.9,1113.8,2.4,111
L,2731602,2731618,20,2756.4,1138.5,2880.0,1148.4,1.1,74
L,2732358,2732406,52,2882.8,1154.8,1993.5,1078.5,8.1,213
L,2732762,2732774,16,1853.5,1098.3,1802.0,1048.3,0.8,67
L,2732998,2733018,24,1821.8,1033.7,1970.5,987.3,1.5,82
L,2733394,2733894,504,2394.5,661.1,1016.8,3270.0,31.7,947
L,2733922,2733930,12,1041.9,3270.0,1036.7,3270.0,0.0,126
L,2734186,2734914,732,1031.8,3270.0,2324.7,1138.6,25.6,530
L,2735234,2735266,36,2435.4,1083.5,2009.8,1085.4,3.9,147
L,2735742,2735926,188,1891.4,1178.0,2147.2,1112.5,2.5,855
L,2736206,2736222,20,2234.6,1001.2,2337.0,983.7,1.0,64
L,2736606,2736630,28,2438.1,952.1,2139.0,989.0,2.8,123
L,2737122,2737138,20,2017.4,1037.5,1898.1,1131.9,1.6,114
L,2737322,2737330,12,1873.1,1156.1,1883.1,1120.9,0.5,56
L,2738942,2738962,24,1952.9,1123.2,2170.9,1111.5,2.0,111
L,2739266,2739290,28,2336.3,1126.9,2616.7,1138.7,2.6,115
L,2739846,2739898,56,2812.1,1143.0,2021.6,1096.4,7.2,173
L,2742370,2742410,44,1847.0,1139.1,1287.7,1149.8,5.1,147
L,2742946,2742962,20,1095.6,1173.6,1115.9,1311.6,1.7,120
L,2743210,2743250,44,1136.7,1313.1,1689.9,1149.5,5.4,157
L,2746058,2746078,24,1952.6,1123.3,2136.7,1111.8,1.7,91
L,2746266,2746286,24,2488.0,1121.8,2679.6,1147.4,1.8,99
L,2746998,2747038,44,2742.0,1136.6,2043.3,1103.1,6.4,190
L,2748458,2748498,44,1956.2,1102.1,2335.9,1116.2,3.5,101
L,2748710,2748726,20,2740.7,1172.3,2858.4,1202.3,1.1,77
L,2749194,2749202,12,2936.8,1188.4,2948.4,1150.1,0.5,61
L,2749638,2749810,176,2932.4,1147.8,2984.9,1148.4,0.5,790
L,2750102,2750154,56,2934.5,1107.6,1976.6,1105.3,8.7,200
L,2751702,2751726,28,1920.8,1101.3,2108.1,1097.0,1.7,90
L,2752714,2752722,12,2824.2,1129.8,2763.6,1138.1,0.6,70
L,2753910,2753958,52,2793.9,1159.1,1998.3,1115.4,7.3,188
L,2755450,2755462,16,1867.8,1105.9,1800.0,1104.4,0.6,53
L,2755522,2755542,24,1636.2,1113.1,1440.1,1134.0,1.8,97
L,2756886,2756930,48,1110.0,1146.0,1619.5,1140.2,4.6,117
L,2758582,2758598,20,1612.4,1126.1,1465.0,1132.9,1.3,92
L,2760434,2760446,16,1116.7,1216.7,1214.2,1212.0,0.9,75
L,2760474,2760818,348,1369.1,1270.6,1757.7,1210.5,3.6,464
L,2763390,2763438,52,1837.4,1116.7,1275.0,1129.0,5.1,124
L,2767626,2767638,16,1896.0,1135.1,1969.7,1130.7,0.7,59
L,2768030,2768046,20,2071.1,1139.1,2169.7,1125.1,0.9,61
L,2768194,2768210,20,2662.4,1112.4,2796.7,1111.7,1.2,85
L,2769858,2770058,204,2929.6,1151.1,1962.2,1250.5,8.9,452
L,2773654,2773722,72,2946.4,1161.9,2128.7,1141.7,7.4,147
L,2774458,2774670,216,1899.1,1212.6,1825.6,1174.7,0.8,501
L,2777206,2777254,52,1565.1,1391.1,1553.8,1879.9,6.2,151
L,2777294,2777306,16,1390.4,1912.1,1292.0,1821.6,1.4,118
L,2777350,2777362,16,1263.5,1749.7,1212.9,1644.5,1.4,121
L,2778362,2778378,20,1751.7,1219.8,1638.7,1223.9,1.0,69
L,2779382,2781422,2044,1180.5,1448.6,1660.2,1125.7,5.9,544
L,2783258,2783282,28,1848.8,1150.0,1629.7,1159.9,2.0,92
L,2784054,2784074,24,1790.0,1148.3,1610.2,1150.8,1.6,91
L,2784298,2784310,16,1249.6,1147.8,1167.5,1137.4,0.8,66
L,2784630,2784686,60,1146.5,1117.9,1831.6,1082.5,6.2,141
L,2788158,2788458,304,2655.6,1190.1,1987.9,1153.5,6.1,453
L,2788498,2788530,36,2134.9,1089.3,2527.6,1104.5,3.6,121
L,2790062,2790074,16,1828.9,1503.1,1845.2,1583.5,1.0,89
L,2790114,2792482,2372,1811.6,1733.6,1404.8,1109.6,8.7,864
L,2792614,2792630,20,1672.6,1094.3,1849.2,1109.6,1.6,113
L,2794230,2794262,36,1890.1,1132.8,1594.7,1147.3,2.7,100
L,2794434,2795502,1072,1287.6,1193.3,1385.2,1241.3,1.1,767
L,2795642,2795658,20,1237.9,1087.6,1074.7,1052.1,1.5,105
L,2795830,2795842,16,1042.9,1050.8,1129.0,1077.3,0.8,76
L,2796386,2796426,44,1152.8,1100.8,1789.3,1096.9,5.8,163
L,2798174,2798226,56,1869.1,1162.4,1339.5,1215.8,4.8,116
L,2799594,2799850,260,1054.6,1280.4,1104.1,1379.2,1.3,793
L,2800634,2800690,60,1156.6,1249.5,1882.7,1110.3,6.8,148
L,2802394,2802410,20,1777.4,1151.3,1661.4,1148.6,1.1,69
L,2804006,2804054,52,1155.7,1213.5,1716.8,1112.5,5.2,134
L,2805350,2805642,296,1891.1,1156.7,1847.8,1187.8,0.6,1104
L,2806546,2806598,56,1979.8,1127.5,2769.2,1151.1,7.2,159
L,2808210,2808270,64,2769.6,1154.4,2074.7,1117.4,6.3,135
L,2810962,2810986,28,1720.6,1143.6,1529.1,1163.7,1.8,86
L,2811582,2812602,1024,1085.0,1322.6,726.9,1330.5,3.2,169
L,2813234,2813274,44,1180.1,1165.1,1653.6,1112.9,4.3,126
L,2814966,2818658,3696,1830.1,1361.9,1413.3,1111.4,4.9,397
L,2818858,2818874,20,1700.5,1150.3,1852.2,1132.7,1.4,98
L,2819030,2819070,44,1895.1,1141.3,1169.9,1235.0,6.6,204
L,2819602,2820474,876,1149.0,1233.4,1498.9,1185.6,3.2,496
L,2820946,2820966,24,1568.5,1173.8,1788.8,1118.0,2.1,119
L,2822478,2822522,48,1866.9,1110.3,1481.4,1123.6,3.5,105
L,2824118,2824334,220,1111.1,1154.0,1626.5,1166.5,4.6,745
L,2824490,2824510,24,1695.9,1062.4,1847.4,995.2,1.6,89
L,2824618,2824662,48,2001.1,914.6,2493.9,693.6,5.2,136
L,2824990,2825774,788,2577.2,661.2,2212.2,1309.7,8.7,967
L,2826166,2826182,20,2233.7,1240.0,2149.7,1174.3,1.1,76
L,2826414,2826430,20,2125.9,1117.0,2221.3,1061.0,1.1,76
L,2826626,2827014,392,2298.9,1043.6,2238.3,2232.5,14.8,897
L,2827286,2827354,72,2220.3,2167.5,2681.6,2359.0,4.7,1519
L,2827586,2829038,1456,2688.7,2306.6,2331.6,1219.1,13.5,922
L,2829322,2829346,28,2205.6,1184.3,1911.1,1124.7,2.8,125
L,2829642,2829662,24,1824.7,1079.2,1998.3,1038.3,1.7,93
L,2830070,2830082,16,2170.5,1002.9,2247.7,991.8,0.7,59
L,2830366,2830386,24,2265.7,1008.7,2022.7,1066.9,2.3,131
L,2832178,2832218,44,1859.6,1147.8,1362.3,1214.7,4.6,128
L,2833034,2833222,192,1011.0,1366.8,1012.0,1449.0,1.0,611
L,2833794,2833850,60,1074.6,1373.3,1895.4,1148.7,7.9,162
L,2835338,2835394,60,1928.8,1150.5,2469.0,1152.9,4.9,105
L,2836182,2836190,12,2840.6,1234.4,2897.0,1240.3,0.5,64
L,2836346,2836362,20,2903.9,1226.3,2885.4,1102.7,1.6,107
L,2837118,2837170,56,2880.2,1066.2,1933.9,1105.4,8.6,203
L,2838034,2838078,48,1915.6,1107.8,2622.5,1052.0,6.5,170
L,2838222,2838442,224,2670.3,1094.6,2834.9,1174.4,1.8,3235
L,2840742,2840790,52,2948.3,1082.7,2080.9,1088.3,7.9,196
L,2842214,2842250,40,1936.8,1113.3,2346.8,1108.9,3.8,118
L,2842390,2842406,20,2571.8,1123.3,2693.8,1120.2,1.1,77
L,2843170,2843182,16,2862.7,1127.2,2899.0,1078.0,0.7,61
L,2844050,2844102,56,2875.6,1039.3,2001.8,1057.4,7.9,178
L,2845658,2845702,48,1862.8,1133.5,1397.6,1125.1,4.2,103
L,2846426,2846450,28,1108.3,1096.8,1077.5,1277.4,2.3,117
L,2847102,2847306,208,1180.4,1361.1,1896.1,1212.9,6.8,715
L,2848898,2848938,44,1834.2,1122.2,1419.8,1127.6,3.8,108
L,2850074,2850302,232,1170.4,1180.7,1802.5,1184.6,5.7,875
L,2851550,2851574,28,1916.2,1098.9,2134.7,1076.7,2.0,94
L,2851702,2851714,16,2511.6,1054.0,2608.2,1043.9,0.9,75
L,2851910,2851918,12,2772.3,1043.4,2829.0,1038.5,0.5,64
L,2852598,2852614,20,2896.3,1064.7,2935.6,1142.6,1.0,69
L,2853390,2853454,68,2903.3,1178.4,1988.6,1119.0,8.3,169
L,2854958,2854970,16,1866.8,1123.7,1801.9,1122.6,0.6,51
L,2855030,2855042,16,1283.3,1111.6,1144.3,1111.6,1.2,104
L,2855858,2855866,12,991.8,1102.1,1040.2,1099.7,0.4,54
L,2856426,2856474,52,1128.6,1102.9,1767.6,1092.0,5.8,141
L,2858118,2858166,52,1818.8,1132.8,1324.3,1168.6,4.5,103
L,2859794,2860054,264,1155.4,1311.8,1745.0,1254.2,5.4,618
L,2862714,2862782,72,1946.9,1109.0,2745.1,1108.2,7.2,122
L,2862938,2862946,12,2890.2,1121.1,2935.0,1138.6,0.5,57
L,2863994,2864050,60,2883.0,1084.7,2083.9,1089.7,7.2,166
L,2867502,2867574,76,2882.7,1149.5,2128.2,1122.7,6.8,126
L,2871134,2871582,452,1118.1,1238.2,858.1,1393.7,3.0,1210
L,2871698,2872226,532,896.3,1307.0,424.0,976.9,5.8,386
L,2872338,2872346,12,586.4,872.2,626.6,914.9,0.6,78
L,2872786,2874958,2176,843.4,1376.3,1331.1,1060.3,5.8,358
L,2875234,2875258,28,1625.9,1075.2,1316.3,1098.5,2.8,137
L,2875942,2875982,44,1261.6,1074.8,1803.1,1058.8,4.9,142
L,2877706,2877718,16,1876.1,1121.0,1803.2,1121.7,0.7,56
L,2877862,2877874,16,1298.4,1141.8,1222.8,1143.0,0.7,57
L,2879394,2879622,232,1227.4,1181.2,1815.0,1230.5,5.3,795
L,2881154,2881170,20,1858.7,1131.5,1752.3,1149.9,1.0,65
L,2881362,2881370,12,1176.9,1224.4,1126.7,1235.9,0.5,59
L,2883110,2883354,248,1110.2,1330.4,1733.6,1250.5,5.7,607
L,2884866,2884926,64,2053.4,1113.2,2694.6,1071.0,5.8,104
L,2885722,2885734,16,2962.0,1085.5,2978.4,1155.5,0.9,76
L,2886522,2886578,60,2932.9,1181.5,2079.6,1124.5,7.7,170
L,2890894,2890930,40,2749.6,1134.8,2339.7,1123.7,3.7,121
L,2892314,2892750,440,1932.4,1195.4,2560.6,1269.1,5.8,591
L,2893298,2893306,12,2850.4,1162.4,2896.4,1157.4,0.4,52
L,2895698,2897790,2096,3082.4,1285.3,1839.5,1134.2,11.3,348
L,2899266,2899286,24,1908.4,1136.3,2051.9,1138.5,1.3,68
L,2899310,2899330,24,2247.4,1148.8,2503.8,1149.6,2.3,124
L,2900422,2900446,28,2817.9,1199.0,2957.4,1366.4,2.4,122
L,2900926,2901162,240,2948.0,1231.7,1877.4,1204.5,9.7,430
L,2902774,2902822,52,1894.5,1106.1,1355.6,1168.3,4.9,122
L,2902930,2902938,12,1008.8,1223.2,945.8,1243.2,0.6,76
L,2904230,2904290,64,942.2,1272.5,1749.9,1137.1,7.4,153
L,2906014,2906030,20,2194.2,1137.6,2306.1,1142.7,1.0,67
L,2906998,2907014,20,2974.6,1178.3,2970.5,1084.1,1.2,78
L,2908742,2908802,64,2925.3,1023.4,2013.1,1051.9,8.2,171
L,2909110,2909306,200,1823.2,1069.7,2694.7,674.8,9.2,835
L,2909710,2910010,304,2771.0,592.4,1946.5,1141.8,10.0,296
L,2910202,2914334,4136,1973.0,1122.9,1949.8,1287.9,2.1,425
L,2914822,2915018,200,1935.2,1158.1,1844.4,1174.9,0.9,549
L,2917126,2917142,20,1898.5,1144.7,1762.7,1168.9,1.3,85
L,2917330,2917338,12,1234.2,1287.3,1179.5,1295.1,0.5,63
L,2919294,2919554,264,1037.6,1313.9,1818.7,1188.0,7.2,961
L,2920710,2920730,24,1923.5,1119.4,2057.3,1125.7,1.2,65
L,2920766,2921042,280,2319.9,1164.3,2802.7,1243.3,4.5,1446
L,2921754,2921770,20,2887.4,1216.1,2923.6,1140.7,1.0,64
L,2922902,2922950,52,2918.3,1049.1,2067.1,1035.4,7.7,202
L,2924410,2924426,20,1941.4,1109.9,2069.8,1105.6,1.2,77
L,2925466,2925478,16,2892.1,1173.8,2911.7,1113.5,0.8,68
L,2926062,2926134,76,2909.2,1040.6,1915.8,1082.5,9.0,146
L,2929262,2929554,296,2924.9,1183.2,1952.7,1189.0,8.8,1425
L,2930938,2930962,28,1939.9,1102.5,2146.4,1094.6,1.9,92
L,2932586,2932646,64,2839.1,1112.9,2028.0,1108.5,7.3,142
L,2934066,2934126,64,1937.3,1112.2,2551.2,1082.5,5.6,108
L,2935730,2936014,288,2854.6,1075.6,1899.4,1155.8,8.7,1896
L,2938094,2938134,44,1847.2,1110.6,1223.8,1116.8,5.6,164
L,2941830,2942870,1044,3088.7,1378.9,2478.4,1071.9,6.7,495
L,2943138,2943150,16,2572.8,1094.3,2646.5,1116.2,0.7,64
L,2943566,2943702,140,2832.8,1186.5,3270.0,2958.0,21.2,207
L,2943870,2944830,964,3270.0,3036.1,2839.2,1299.7,20.6,799
L,2945554,2945602,52,2853.1,1218.5,2002.1,1142.9,7.8,207
L,2945778,2945966,192,1936.1,1172.9,1838.5,1169.7,0.9,522
L,2947562,2947574,16,1942.2,1131.4,2010.3,1128.8,0.6,53
L,2947750,2947770,24,2189.4,1127.4,2366.4,1132.1,1.6,89
L,2947942,2947958,20,2688.9,1128.3,2816.0,1125.0,1.1,81
L,2948358,2948366,12,2899.0,1138.3,2935.6,1161.8,0.4,55
L,2948642,2948654,16,2935.1,1155.1,2950.5,1088.5,0.8,72
L,2949730,2949786,60,2893.3,1068.9,1955.0,1070.5,8.5,197
L,2949918,2950190,276,1856.1,1121.6,1835.3,1112.2,0.2,906
L,2951494,2951514,24,1945.5,1079.0,2136.4,1069.3,1.7,97
L,2951718,2951730,16,2420.3,1077.3,2506.2,1088.0,0.8,68
L,2951886,2951894,12,2782.6,1105.6,2833.1,1109.1,0.5,57
L,2952718,2952730,16,2961.5,1131.0,2963.3,1061.2,0.9,77
L,2953554,2954190,640,2852.9,1094.2,1869.6,1241.0,9.1,530
L,2955306,2955362,60,1935.9,1084.6,2719.4,1078.1,7.1,147
L,2957746,2957802,60,2884.7,1175.5,2254.4,1105.0,5.8,123
L,2959278,2959654,380,1905.5,1191.7,2641.0,1183.3,6.7,633
L,2959962,2959978,20,2706.7,1081.9,2833.9,1079.5,1.1,77
L,2961050,2961118,72,2837.3,1083.2,2016.6,1070.0,7.4,136
L,2964018,2967290,3276,1093.9,1219.9,1340.5,1045.6,3.1,329
L,2967414,2967434,24,1598.2,1063.8,1838.5,1092.4,2.2,124
L,2968694,2968738,48,1897.9,1109.5,2484.5,1076.1,5.3,147
L,2968982,2969270,292,2603.5,1167.2,2894.1,1225.8,2.7,2544
L,2971926,2971978,56,3066.2,1121.4,2213.8,1087.4,7.7,181
L,2972450,2972658,212,1903.5,1132.8,1878.5,1214.4,1.0,774
L,2974246,2974262,20,1957.2,1068.3,2078.8,1066.1,1.1,74
L,2974434,2974446,16,2682.6,1069.8,2753.6,1066.7,0.6,55
L,2975994,2976298,308,2903.8,1152.4,1899.0,1163.3,9.0,1748
L,2977566,2977582,20,2590.9,1081.3,2724.6,1084.1,1.2,80
L,2979678,2979722,48,2906.4,1140.7,2120.8,1081.2,7.1,193
L,2980038,2980074,40,1938.4,1096.5,2353.6,1064.4,3.8,112
L,2981010,2981046,40,2557.6,1102.7,1998.2,1083.1,5.1,174
L,2982886,2982926,44,1850.5,1092.1,1335.1,1171.4,4.7,134
L,2983926,2984174,252,1091.7,1220.3,1105.1,1355.9,1.7,851
L,2984946,2984990,48,1182.7,1223.3,1760.1,1126.5,5.3,137
L,2987914,2988338,428,1029.4,1321.8,1791.8,1186.1,7.0,271
L,2989782,2989830,52,1627.1,1330.8,1558.0,1805.3,5.9,162
L,2989942,2989954,16,1113.3,1821.9,1054.6,1727.6,1.3,116
L,2991058,2991078,24,768.2,1680.3,749.5,1847.1,2.0,109
L,2991114,2992142,1032,768.2,1680.3,749.5,1847.1,2.0,0
L,2992398,2992406,12,1589.8,1177.2,1638.6,1158.9,0.5,62
L,2993702,2994110,412,1899.0,1629.8,1819.1,1083.6,6.9,253
L,2995394,2995410,20,1923.3,1108.4,2028.9,1102.8,1.0,65
L,2996006,2996502,500,1904.5,1187.1,1817.6,1141.6,1.0,734
L,2998038,2998558,524,1790.1,1287.9,977.9,1410.1,7.4,235
L,2999166,2999882,720,965.4,1553.0,869.1,2074.3,6.4,120
L,3000318,3000346,32,1763.6,1115.1,1426.3,1162.9,3.1,133
L,3000754,3000766,16,1101.1,1543.0,1106.9,1631.4,1.1,104
L,3000882,3001222,344,1238.9,2036.1,1648.3,1312.0,9.7,884
L,3001554,3001578,28,1724.4,1051.4,1579.7,880.6,2.5,129
L,3001958,3001978,24,1509.1,774.4,1694.7,784.7,1.7,95
L,3002178,3002214,40,1851.7,801.5,2306.3,793.5,4.1,134
L,3002418,3002434,20,2420.2,805.9,2555.8,807.1,1.2,81
L,3002566,3002622,60,2609.4,813.3,1445.7,946.9,10.5,234
L,3002926,3002934,12,1282.7,996.4,1232.1,1016.5,0.5,64
L,3003246,3003266,24,1211.6,1048.0,1392.6,1040.5,1.6,95
L,3003490,3003518,32,1641.5,1038.8,1953.2,1018.9,2.8,111
L,3003838,3003874,40,2129.2,1019.2,2469.0,998.1,3.1,101
L,3004138,3004318,184,2622.0,1014.3,2691.9,1026.3,0.6,236
L,3004414,3004466,56,2668.0,975.8,1644.1,1153.8,9.5,232
L,3004702,3004718,20,1521.5,1198.0,1372.6,1230.4,1.4,98
L,3004950,3004974,28,1333.0,1242.0,1582.4,1217.5,2.3,108
L,3005146,3005174,32,1742.6,1208.8,2097.9,1182.7,3.2,130
L,3005394,3005418,28,2207.5,1177.9,2450.7,1172.6,2.2,104
L,3005534,3005578,48,2499.6,1173.1,1653.8,1384.5,8.2,238
L,3005878,3005894,20,1628.7,1400.1,1791.7,1389.8,1.5,100
L,3006258,3006270,16,1969.7,1410.0,2058.0,1415.5,0.8,76
L,3006374,3006586,216,2126.9,1426.1,2395.4,1095.9,4.9,846
L,3006706,3007194,492,2397.1,1059.7,2597.1,3270.0,25.1,527
L,3007298,3007590,296,1809.7,1727.4,1997.6,1168.7,7.2,713
L,3007770,3007782,16,1995.7,1084.1,1894.1,1058.7,1.0,85
L,3010406,3010426,24,2002.1,1089.0,2040.1,945.4,1.8,103
L,3010598,3010610,16,2069.7,762.3,2078.2,711.4,0.6,54
L,3011074,3011098,28,2076.1,697.9,1975.8,925.5,3.0,150
L,3011258,3011274,20,1972.1,995.4,1920.8,1106.9,1.5,108
L,3013030,3013218,192,1886.5,1156.9,1898.8,1171.0,0.2,1134
L,3013458,3013478,24,1925.8,1064.3,1943.0,921.4,1.8,99
L,3014762,3014794,36,2113.4,730.3,1871.2,953.1,3.5,130
L,3016006,3016062,60,1883.4,1118.6,1852.2,1192.7,1.0,213
L,3016222,3016398,180,1875.2,1137.1,1874.6,1200.0,0.8,1295
L,3016638,3016658,24,1907.2,1102.4,1966.0,906.7,2.5,142
L,3017218,3017246,32,2044.7,743.6,1958.1,986.4,3.1,128
L,3017486,3017702,220,1890.9,1098.8,1837.4,1141.5,0.7,1074
L,3021222,3021378,160,1959.7,1182.5,3270.0,3270.0,26.7,231
L,3021526,3022750,1228,3270.0,3270.0,1883.3,1029.1,28.5,711
L,3023566,3023578,16,1855.9,1012.0,1895.0,1074.9,0.9,79
L,3028558,3028774,220,1888.5,1166.1,1835.2,1214.7,0.8,1192
L,3036498,3037242,748,1877.1,1176.7,1810.4,1130.0,0.8,953
L,3050426,3050642,220,1882.3,1161.3,1842.3,1161.8,0.4,772
L,3057786,3058678,896,1878.6,1100.0,1140.9,2721.1,20.7,411
L,3058706,3058726,24,1045.8,2625.8,921.1,2367.2,3.3,179
L,3058846,3058858,16,842.0,2342.3,821.8,2407.6,0.8,69
L,3058978,3059378,404,780.6,2375.8,1911.4,1311.6,16.6,566
L,3059682,3059886,208,1975.6,1305.5,1295.0,2674.7,17.8,889
L,3060066,3061374,1312,12.0,3270.0,1858.6,1457.7,25.5,467
L,3061482,3061494,16,1945.8,1487.0,1963.1,1434.7,0.7,62
L,3061714,3061726,16,1945.4,1338.5,1871.6,1318.6,0.8,65
L,3062182,3062206,28,1799.0,1284.3,1962.0,1238.9,1.7,83
L,3062574,3062774,204,2104.6,1210.8,1976.6,1250.5,1.3,554
L,3063374,3063390,20,1944.6,1129.6,1800.4,1115.1,1.3,89
L,3063662,3063682,24,1738.3,1119.2,1923.7,1128.8,1.7,95
L,3066118,3066266,152,1922.5,1189.9,1862.2,1233.3,0.8,1144
L,3074750,3074858,112,1876.0,1173.7,1855.2,1192.1,0.3,920
L,3075182,3075414,236,1881.0,1174.6,1881.0,1224.1,0.6,1221
L,3078798,3079054,260,1883.7,1218.8,1881.5,1233.7,0.2,926
L,3090694,3090906,216,1903.3,1180.4,1865.5,1239.5,0.8,1248
L,3097642,3097882,244,1888.2,1200.7,1844.8,1269.6,1.0,1053
L,3101710,3101978,272,1876.9,1201.0,1859.6,1256.5,0.7,821
L,3104362,3104626,268,1835.9,1199.8,1878.7,1230.7,0.6,984
L,3109434,3109658,228,1854.8,1177.2,1335.9,681.3,7.9,471
L,3109738,3109974,240,1854.8,1177.2,1335.9,681.3,7.7,0
L,3110314,3110354,44,1457.8,714.2,1714.6,999.4,4.3,128
L,3110602,3110806,208,1757.9,1134.7,1748.4,1198.0,0.8,548
L,3111054,3111234,184,1787.7,1129.3,1717.7,1135.3,0.7,722
L,3111546,3111942,400,1795.4,1090.4,1855.6,1266.8,2.3,830
L,3113986,3114150,168,1927.9,1172.6,1883.9,1244.4,1.0,1006
L,3116898,3117202,308,1896.5,1185.9,1848.3,1201.4,0.5,868
L,3124318,3124510,196,1912.6,1119.5,1863.3,1234.5,1.5,966
L,3139630,3139638,12,1911.5,1438.3,1917.7,1501.2,0.8,101
L,3139738,3139750,16,1970.0,1607.0,2014.3,1686.7,1.1,95
L,3139794,3139802,12,1973.9,1623.3,1887.4,1619.8,0.8,100
L,3139838,3140794,960,1795.1,1722.2,1801.5,1179.0,6.9,588
L,3142966,3143250,288,1888.1,1169.7,1869.0,1215.9,0.6,888
L,3152426,3152726,304,1899.5,1418.3,1922.1,1141.3,3.5,422
L,3154734,3154794,64,1939.0,1358.9,1841.2,1676.0,4.1,248
L,3154842,3154894,56,1794.7,1637.2,1939.3,1569.9,1.6,176
L,3158866,3159034,172,1907.2,1168.7,3270.0,3270.0,25.7,289
L,3159334,3159814,484,3270.0,3270.0,1750.2,1160.8,26.8,678
L,3163110,3163698,592,1911.7,1144.3,1756.0,851.0,4.0,451
L,3164206,3164226,24,1835.0,970.5,2001.7,1033.8,1.7,98
L,3164290,3164778,492,2044.6,1075.9,1829.6,1276.8,3.2,743
L,3164982,3164990,12,1895.9,1190.6,1939.2,1193.5,0.4,50
L,3165066,3165378,316,1989.1,1231.7,2218.5,1175.2,2.2,982
L,3165814,3165826,16,2233.5,1098.6,2140.0,1085.6,0.9,75
L,3166678,3166694,20,2007.9,1054.6,1869.4,1057.5,1.3,84
L,3172242,3172434,196,1891.4,1158.8,1846.0,1186.4,0.6,1046
L,3195898,3196118,224,1938.4,1195.8,1908.9,1159.7,0.5,935
L,3198282,3198330,52,1889.8,1323.6,1721.2,1770.0,5.9,212
L,3198358,3198382,28,1630.8,1876.2,1574.3,2084.5,2.7,130
L,3198426,3198498,76,1553.7,2013.2,1877.9,1469.4,7.5,200
L,3208910,3209934,1028,1958.0,1223.1,1979.5,1134.4,1.1,317
L,3213110,3213386,280,1934.4,1163.0,1870.6,1180.8,0.6,671
L,3216570,3217318,752,1921.2,1156.4,1938.2,873.1,3.6,465
L,3217782,3217802,24,1945.9,960.9,1726.6,1008.0,2.1,113
L,3217982,3218418,440,1569.3,1099.1,1791.0,1193.4,2.4,600
L,3218694,3218978,288,1823.0,1150.3,1959.6,1224.7,1.6,648
L,3221026,3221034,12,1861.5,1037.5,1905.6,1031.3,0.4,52
L,3221438,3221446,12,1963.5,1043.6,1950.5,1082.0,0.5,62
L,3224074,3224238,168,1919.3,1141.7,1840.7,1201.7,1.1,1208
L,3231558,3231742,188,1902.8,1134.4,1855.0,1233.3,1.3,672
L,3239530,3239794,268,1942.2,1144.9,1890.2,1213.3,1.0,1022
L,3243762,3244158,400,1945.3,1257.6,1880.1,1134.3,1.7,798
L,3246194,3246690,500,1689.2,1660.5,1695.4,1302.0,4.5,901
L,3247466,3249146,1684,1936.0,1149.2,1953.8,1139.9,0.2,750
L,3250206,3250386,184,1931.5,1189.0,1853.5,1228.5,0.9,949
L,3267230,3267470,244,1947.7,1183.2,1896.6,1197.6,0.5,939
L,3272990,3273442,456,1911.1,1108.3,1476.8,621.3,7.2,421
L,3273598,3273982,388,1844.0,479.5,2010.1,1135.2,8.3,348
L,3274182,3274434,256,2080.6,1113.0,2019.6,1187.6,1.1,525
L,3274670,3274870,204,2073.3,1132.3,2009.3,1084.9,0.8,988
L,3275310,3275338,32,1987.4,1038.2,1674.7,1044.9,2.9,124
L,3275722,3275766,48,1512.0,1065.4,2029.0,1022.5,4.8,123
L,3276046,3276058,16,2182.0,1035.6,2263.3,1029.6,0.8,64
L,3276422,3276442,24,2310.1,1028.0,2109.7,1030.9,1.9,100
L,3277750,3277762,16,2030.4,1034.4,1934.6,1101.0,1.2,107
L,3277894,3278066,176,1888.7,1135.1,1871.6,1207.7,0.9,1108
L,3303946,3304158,216,1971.1,1193.6,1883.7,1188.6,0.8,639
L,3312706,3313054,352,1943.5,1204.1,1863.3,1279.1,1.2,735
L,3315346,3315822,480,1962.7,1291.2,1894.0,1182.2,1.5,310
L,3316974,3316982,12,2027.5,1488.3,2035.7,1537.7,0.6,82
L,3317034,3318402,1372,1808.9,1651.7,1697.7,1088.1,7.2,723
L,3319818,3320070,256,1880.5,1161.0,1821.2,1210.8,0.8,890
L,3321246,3321542,300,1894.6,1195.7,1840.3,1121.5,1.1,608
L,3324502,3324782,284,1917.4,1137.6,1816.3,671.4,5.9,352
L,3324918,3324926,12,1908.6,533.7,1906.6,487.1,0.6,71
L,3325702,3325726,28,1975.3,714.8,1933.8,876.9,2.1,98
L,3325826,3326518,696,1925.9,1081.6,1916.9,1352.6,3.5,911
L,3326686,3327174,492,1921.1,1372.8,1892.8,1282.6,1.2,599
L,3327282,3327722,444,1946.9,1202.2,1741.8,1263.7,2.0,608
L,3329666,3329678,16,2070.2,1042.8,2000.6,1086.3,0.8,74
L,3332650,3332806,160,1921.3,1185.6,1865.5,1240.3,0.9,1198
L,3347506,3347738,236,1922.8,1185.8,1874.9,1181.8,0.5,1041
L,3361354,3361610,260,1897.7,1186.4,1853.7,1199.7,0.4,850
L,3367562,3368770,1212,1929.0,1239.6,1621.3,1004.7,4.1,406
L,3372650,3372962,316,1900.0,1196.6,1901.0,1196.3,0.0,837
L,3373366,3374834,1472,1961.9,1162.7,1906.2,1181.8,0.6,738
L,3375082,3375094,16,1950.6,1188.0,1907.3,1128.3,0.9,77
L,3377874,3378078,208,1928.0,1118.0,1971.0,649.0,5.9,1675
L,3378434,3378470,40,2180.4,623.7,2027.2,976.6,4.6,142
L,3378818,3379114,300,2011.9,1089.9,1520.8,1422.0,6.2,786
L,3379290,3379582,296,1564.1,1311.7,2073.3,1305.5,4.7,648
L,3380566,3380594,32,2152.7,686.6,2086.4,893.1,2.7,104
L,3381102,3381114,16,2154.6,1017.8,2224.0,1016.8,0.6,55
L,3381674,3381686,16,2260.7,1021.3,2168.3,1024.6,0.8,73
L,3382358,3382370,16,2021.5,1041.8,1942.6,1079.7,0.9,78
L,3400226,3402294,2072,1965.9,1288.1,1672.9,1048.6,4.1,359
L,3405390,3405598,212,1882.2,1172.2,1863.4,1147.0,0.4,976
L,3411866,3412142,280,1904.8,1183.2,1880.4,1168.0,0.3,586
L,3414954,3415230,280,1865.5,1201.1,1868.6,1159.9,0.5,577
L,3420762,3421054,296,1888.9,1148.0,1828.5,1214.6,1.0,1138
L,3428742,3429182,444,1895.7,1143.6,2137.6,1195.2,2.3,232
L,3430054,3430378,328,2265.6,669.2,1723.3,1117.5,7.5,285
L,3430874,3430898,28,1741.7,1099.9,1471.7,1100.6,2.5,114
L,3431254,3431294,44,1341.2,1122.0,1823.7,1086.5,4.5,141
L,3431650,3431858,212,1839.9,1123.8,1844.1,1165.7,0.5,598
L,3432322,3432530,212,1819.3,1114.3,1885.5,1117.9,0.6,685
L,3436942,3437114,176,1859.4,1187.6,1819.0,1183.4,0.4,801
L,3455902,3456134,236,1882.0,1203.8,1852.8,1185.4,0.4,1028
L,3459758,3461306,1552,1917.5,1249.5,1796.1,1054.6,2.8,303
L,3463558,3463702,148,1884.7,1183.2,1837.3,1170.5,0.5,714
L,3475878,3475918,44,1950.5,1372.4,2179.7,1742.2,5.2,230
L,3475950,3475982,36,2092.7,1868.2,1617.9,1821.4,4.5,288
L,3476018,3476314,300,2092.7,1868.2,1617.9,1821.4,4.4,0
L,3478226,3478662,440,1963.7,1276.5,1921.4,1704.1,5.5,224
L,3479030,3479246,220,1866.0,1199.0,2082.3,781.4,5.7,424
L,3479778,3480070,296,2469.0,729.1,2042.1,1009.8,5.3,3023
L,3480186,3481446,1264,2052.8,1098.6,2128.7,1118.6,0.8,805
L,3481794,3482134,344,2201.0,1067.1,2085.1,1217.0,2.2,481
L,3482450,3482466,20,2127.5,1120.9,1987.5,1109.4,1.3,91
L,3482758,3482766,12,1888.0,1100.6,1844.8,1097.7,0.4,51
L,3483106,3483114,12,1821.3,1073.2,1879.9,1068.9,0.6,69
L,3483662,3483678,20,1925.7,1088.4,1960.7,1204.7,1.5,108
L,3484194,3484358,168,1894.2,1227.9,1867.2,1224.3,0.3,988
L,3511330,3511554,228,1936.2,1139.2,1877.7,1174.8,0.7,661
L,3519946,3519958,16,1910.6,1678.2,1696.7,1624.3,2.1,179
L,3520074,3520218,148,1910.6,1678.2,1696.7,1624.3,2.1,0
L,3521586,3523082,1500,1510.3,1737.6,1424.7,866.6,10.9,210
L,3523206,3523222,20,1667.0,995.4,1869.7,1080.9,2.1,156
L,3525026,3525250,228,1918.4,1209.7,1852.0,1180.0,0.7,865
L,3527898,3528098,204,1974.7,1106.2,2556.1,673.9,7.6,909
L,3528650,3532102,3456,2725.3,615.9,2626.9,613.8,0.9,1253
L,3532238,3532466,232,2157.4,1063.6,2190.7,1116.9,0.7,1016
L,3533538,3533778,244,2244.9,1035.9,1923.0,1148.9,3.3,876
L,3535906,3536134,232,1895.9,1129.6,1848.6,1228.9,1.3,942
L,3539378,3539610,236,1915.7,1153.8,1857.9,1176.8,0.6,1022
L,3557154,3557446,296,1916.3,1209.7,1896.0,1127.6,1.1,760
L,3564298,3564546,252,1929.7,1152.1,1870.5,1209.1,0.9,805
L,3568962,3569222,264,1892.5,1150.8,1850.2,1201.9,0.8,930
L,3572662,3572958,300,1901.0,1149.7,1941.8,1207.9,0.8,1038
L,3582054,3582094,44,2032.1,1226.3,2018.6,1450.2,2.9,129
L,3582154,3582162,12,1991.2,1603.7,1854.3,1563.9,1.4,170
L,3582302,3582314,16,1819.5,1600.7,1938.5,1668.8,1.4,122
L,3582866,3582878,16,1830.2,1704.2,1710.4,1646.2,1.3,121
L,3583254,3583586,336,1618.7,1784.3,1536.3,1738.3,1.0,113
L,3583626,3583666,44,1678.5,1567.1,1681.5,1223.6,4.4,125
L,3584310,3584510,204,1942.4,1202.1,1862.3,1221.8,0.8,970
L,3588486,3588930,448,1897.3,1288.8,1930.9,1196.5,1.2,325
L,3590274,3591482,1212,1910.8,1233.7,2039.3,1065.4,2.5,277
L,3593918,3594178,264,1885.0,1163.4,1851.0,1206.2,0.6,720
L,3597434,3597682,252,1879.6,1140.0,1843.6,1185.5,0.7,992
L,3612406,3612818,416,1985.7,1218.6,1424.1,2269.7,14.1,475
L,3612846,3612870,28,2046.3,1483.4,2047.1,1142.6,4.3,225
L,3613974,3614034,64,2048.3,1263.0,1978.4,1594.1,4.3,144
L,3614070,3614182,116,1812.6,1733.0,1730.4,1790.1,1.0,146
L,3614346,3615374,1032,1739.6,1747.8,1728.5,1106.9,8.1,378
L,3616406,3616614,212,1923.6,1191.6,3270.0,3270.0,25.4,232
L,3616642,3617926,1288,1339.0,2678.1,1947.9,1186.8,19.0,731
L,3618090,3618106,20,1979.6,1232.4,1902.5,1134.5,1.4,105
L,3620582,3620786,208,1907.9,1186.9,1872.0,1202.8,0.4,883
L,3631218,3631234,20,1900.3,1116.2,1983.8,1062.0,1.0,66
L,3631450,3631474,28,2061.1,1028.0,1744.2,1024.6,2.9,140
L,3631658,3631678,24,1644.3,1036.6,1424.9,1190.6,2.8,158
L,3631874,3631894,24,1342.9,1224.7,1158.0,1258.9,1.7,93
L,3632242,3632286,48,1069.8,1299.9,1557.0,1235.2,4.5,121
L,3632442,3632482,44,1677.6,1228.6,2180.8,1190.8,4.6,129
L,3632846,3632866,24,2291.2,1188.3,2531.1,1175.6,2.2,122
L,3633070,3633286,220,2585.4,1205.7,1563.7,1177.2,9.3,2131
L,3633366,3633386,24,1578.8,1140.1,1336.2,1221.1,2.4,145
L,3633706,3633906,204,1301.4,1266.1,1755.4,1226.3,4.2,1027
L,3634122,3634142,24,1797.1,1180.6,1961.1,1101.4,1.8,104
L,3634514,3636194,1684,2007.4,1079.5,1420.8,1596.5,8.4,779
L,3636450,3636470,24,1426.2,1483.5,1493.3,1341.8,1.9,109
L,3636774,3651502,14732,1486.4,1284.4,2120.3,1035.8,6.3,949
L,3651578,3651606,32,2111.3,994.7,1762.7,997.3,3.1,122
L,3651754,3652050,300,1664.1,1048.7,1632.9,1268.0,2.7,606
L,3652166,3652242,80,1428.4,2552.1,1887.8,1295.8,15.6,316
L,3652610,3652630,24,1971.1,1217.3,2223.6,1247.3,2.3,131
L,3652882,3653170,292,2335.4,1340.4,2332.8,3189.7,21.6,1128
L,3653430,3653478,52,2266.9,3178.4,2663.5,3182.4,3.4,173
L,3653822,3653838,20,2266.9,3178.4,2663.5,3182.4,3.4,0
L,3653930,3653986,60,2926.4,2863.6,2930.2,2884.5,0.2,20
L,3654022,3654478,460,3270.0,2991.0,3270.0,1921.0,12.1,615
L,3654558,3654662,108,3270.0,2140.8,2401.7,2436.9,8.1,201
L,3655274,3655294,24,2355.2,2447.9,2574.5,2479.1,2.0,113
L,3655550,3656066,520,2705.7,2445.4,2082.5,1229.7,15.8,790
L,3656450,3656650,204,2131.0,1195.1,1956.3,1182.9,1.6,1118
L,3657330,3659134,1808,1898.1,1142.2,-63.2,3270.0,28.9,950
L,3659266,3659562,300,-158.5,3270.0,-161.4,3270.0,0.0,288
L,3659922,3660118,200,-186.9,3270.0,666.0,924.9,26.1,1962
L,3660490,3660554,68,386.8,737.9,-640.8,3270.0,25.1,737
L,3660798,3669026,8232,-270.0,3270.0,-270.0,3270.0,0.0,128
L,3669206,3680038,10836,-308.9,3270.0,1903.5,1111.2,28.3,596
L,3680082,3680522,444,-308.9,3270.0,1903.5,1111.2,33.3,0
L,3687810,3687822,16,1950.1,1071.0,2028.3,1073.1,0.7,60
L,3688190,3688202,16,2054.9,1106.0,1968.3,1101.4,0.8,69
L,3689998,3690022,28,2013.1,1058.8,2226.4,1096.4,2.0,92
L,3690290,3690306,20,2459.7,1123.6,2571.7,1121.9,1.0,65
L,3690550,3690582,36,2624.5,1120.4,2049.6,1060.1,5.2,196
L,3690842,3691006,168,1938.3,1101.6,1864.6,1101.9,0.7,1129
L,3695382,3695402,24,1948.0,1076.8,2180.9,1079.4,2.1,116
L,3695726,3695758,36,2323.7,1092.3,2741.6,1149.2,3.8,133
L,3697498,3697506,12,2870.6,1153.3,2815.6,1149.0,0.5,61
L,3697702,3697746,48,2750.7,1142.9,1994.4,1096.4,6.8,189
L,3700126,3700162,40,1943.3,1084.6,2385.5,1044.3,4.0,121
L,3700234,3700250,20,2653.7,1020.1,2791.7,1018.0,1.2,86
L,3701762,3701774,16,2976.0,1021.7,3017.1,1068.0,0.7,58
L,3705650,3705694,48,2900.6,1023.4,2104.9,1044.3,7.1,192
L,3707378,3707418,44,1856.2,1080.1,1406.7,1131.5,4.0,112
L,3709482,3709494,16,1114.4,1334.5,1095.6,1280.8,0.7,58
L,3711106,3711146,44,1183.1,1221.5,1585.7,1133.9,3.7,109
L,3711186,3711378,196,1792.0,1137.3,1533.4,1177.5,2.4,948
L,3711590,3711614,28,1570.1,1111.3,1302.3,1105.1,2.4,112
L,3712046,3712086,44,1190.9,1109.8,1811.0,1069.5,5.5,162
L,3713806,3713846,44,1791.9,1105.7,1202.4,1170.7,5.3,157
L,3715442,3715450,12,921.1,1304.9,976.6,1296.3,0.5,62
L,3717878,3717902,28,1055.2,1251.3,1280.6,1207.3,2.0,103
L,3718142,3718162,24,1476.5,1165.5,1690.2,1109.6,2.0,114
L,3720526,3720538,16,1878.3,1112.7,1804.7,1128.3,0.7,60
L,3720582,3720590,12,1534.5,1162.2,1448.9,1168.8,0.8,96
L,3720642,3720658,20,1253.5,1222.3,1102.6,1245.6,1.4,93
L,3723234,3723258,28,977.0,1307.7,1231.5,1229.9,2.4,110
L,3723510,3723534,28,1473.6,1180.9,1737.0,1103.2,2.5,114
L,3723990,3724034,48,1808.6,1070.4,1141.9,1181.9,6.1,156
L,3724454,3724502,52,1052.9,1228.5,1837.0,1093.8,7.1,172
L,3726030,3726102,76,2002.8,1095.5,3112.6,1040.7,9.9,165
L,3726238,3726258,24,3269.5,1034.6,3270.0,1017.7,0.2,108
L,3726770,3726802,36,3270.0,1018.7,2984.6,1008.0,2.5,214
L,3729190,3729198,12,3059.6,1112.1,3051.0,1145.3,0.4,52
L,3730762,3730778,20,3071.5,1208.7,3084.0,1101.3,1.3,92
L,3731122,3731354,236,2991.1,1074.4,2890.1,1108.9,1.0,2205
L,3731718,3731766,52,2872.3,1061.5,1911.5,1095.6,8.6,214
L,3734014,3734058,48,1844.4,1128.4,1160.9,1273.0,6.3,177
L,3737086,3737094,12,945.2,1300.1,1006.1,1287.6,0.6,69
L,3737454,3737502,52,1083.9,1272.0,1667.3,1129.6,5.5,129
L,3738542,3738550,12,1850.0,1108.1,1804.3,1121.6,0.4,55
L,3738762,3738782,24,1759.3,1136.3,1760.8,986.5,1.9,111
L,3739002,3739038,40,1846.3,927.2,2364.5,910.6,4.7,160
L,3739246,3739262,20,2484.1,909.2,2629.3,919.1,1.3,88
L,3739462,3739490,32,2669.2,923.5,2253.5,1120.2,4.4,198
L,3739686,3739938,256,2124.9,1209.8,1542.2,1277.6,5.3,967
L,3740174,3740310,140,1599.6,1254.7,.,.,1500000.0,1034
