trialID,fixStart,fixEnd,fixFailed,fixSucceed,stimStart,stimEnd,respStart,respEnd
1,4045206,4046204,,4053205.0,4046221,4046471,4046971,4050706
2,4050708,4053455,,4115327.0,4053471,4053738,4054239,4056290
3,4056292,4057289,,4153998.0,4057305,4057572,4058072,4061305
4,4061307,4062306,,4181484.0,4062322,4062572,4063073,4064656
5,4064657,4066156,,4186201.0,4066173,4066439,4066940,4071040
6,4071042,4071540,,4200252.0,4071556,4071806,4072307,4074140
7,4074143,4075640,,4256824.0,4075657,4075907,4076407,4077873
8,4077875,4079374,,4269025.0,4079390,4079658,4080158,4082941
9,4082942,4083941,,4316813.0,4083958,4084208,4084708,4086358
10,4086360,4087358,,4327381.0,4087374,4087625,4088125,4089258
11,4089260,4090758,,4405072.0,4090775,4091042,4091542,4093442
12,4093444,4094942,,4417489.0,4094959,4095225,4095726,4097059
13,4097061,4097559,,4445959.0,4097576,4097826,4098326,4099575
14,4099577,4100576,,4490663.0,4100592,4100842,4101343,4102592
15,4102594,4103593,,4540868.0,4103610,4103860,4104360,4106143
16,4106145,4107143,,4567587.0,4107160,4107426,4107926,4109110
17,4109112,4110610,,4572588.0,4110627,4110894,4111394,4112827
18,4112829,4115577,,4613425.0,4115594,4115861,4116361,4120044
19,4120046,4121044,,4685065.0,4121061,4121328,4121828,4124795
20,4129547,4131046,,4714868.0,4131062,4131329,4131829,4133662
21,4133664,4134663,,4725619.0,4134679,4134929,4135429,4137746
22,4137748,4138746,,4731220.0,4138763,4139013,4139513,4141380
23,4141382,4142380,,4773190.0,4142397,4142663,4143163,4145263
24,4145265,4146264,,4778573.0,4146281,4146531,4147030,4148430
25,4148432,4149931,,4791425.0,4149947,4150214,4150714,4151997
26,4151999,4154248,,4922354.0,4154264,4154531,4155032,4157631
27,4157633,4159132,,4964225.0,4159148,4159398,4159898,4161782
28,4161784,4162782,,4977226.0,4162798,4163049,4163549,4165065
29,4165067,4166565,,4991877.0,4166582,4166849,4167349,4168632
30,4168635,4170132,,5014280.0,4170149,4170416,4170916,4172266
31,4172268,4173766,,5023897.0,4173783,4174050,4174550,4176016
32,4176018,4177517,,5108805.0,4177533,4177800,4178300,4179483
33,4179485,4181734,,5122540.0,4181750,4182017,4182517,4183700
34,4183702,4186451,,5281238.0,4186467,4186734,4187234,4190168
35,4190170,4191668,,5309491.0,4191685,4191951,4192451,4194285
36,4194287,4195785,,5321859.0,4195802,4196068,4196569,4198252
37,4198253,4200502,,5343861.0,4200518,4200768,4201269,4203219
38,4203221,4204719,,5360596.0,4204736,4204986,4205486,4206886
39,4206888,4207886,,5369296.0,4207903,4208169,4208669,4210370
40,4215181,4216170,,5374881.0,4216187,4216454,4216954,4218253
41,4218256,4219254,,5385531.0,4219271,4219521,4220021,4222854
42,4222856,4223854,,5403733.0,4223871,4224121,4224622,4226238
43,4226239,4227238,,5422285.0,4227255,4227505,4228005,4230638
44,4230640,4232138,,5431819.0,4232155,4232405,4232906,4235889
45,4235890,4237389,,5447104.0,4237405,4237673,4238172,4241523
46,4241524,4243023,,5456271.0,4243040,4243290,4243789,4245323
47,4245325,4246323,,5460222.0,4246340,4246606,4247106,4248490
48,4248492,4249990,,5479691.0,4250007,4250257,4250757,4252140
49,4252142,4252640,,5514060.0,4252657,4252907,4253407,4254824
50,4254826,4257074,,5560765.0,4257091,4257341,4257841,4259308
51,4259309,4260808,,5590085.0,4260824,4261091,4261592,4263491
52,4263493,4264991,,5604853.0,4265008,4265275,4265775,4267025
53,4267027,4269275,,5615453.0,4269292,4269542,4270042,4271375
54,4271378,4271876,,5620154.0,4271892,4272142,4272642,4274609
55,4274611,4275609,,5657624.0,4275626,4275876,4276376,4278359
56,4278361,4278860,,5679476.0,4278876,4279126,4279627,4281043
57,4281045,4282543,,5689811.0,4282560,4282827,4283327,4285143
58,4285145,4286144,,5707562.0,4286160,4286410,4286910,4288661
59,4288663,4289661,,5724931.0,4289677,4289927,4290427,4291660
60,4297390,4298378,,5736882.0,4298395,4298645,4299145,4300561
61,4300563,4301562,,5748082.0,4301578,4301829,4302328,4303945
62,4303947,4305446,,5758334.0,4305462,4305712,4306212,4308029
63,4308031,4309529,,5769751.0,4309546,4309796,4310296,4311813
64,4311815,4312813,,5796637.0,4312830,4313080,4313580,4314813
65,4314815,4317063,,5831007.0,4317080,4317330,4317830,4319180
66,4319182,4320180,,5839808.0,4320197,4320447,4320947,4322880
67,4322882,4327631,,5846725.0,4327648,4327914,4328414,4330231
68,4330233,4331731,,5855443.0,4331748,4331998,4332498,4334315
69,4334317,4335315,,5880179.0,4335332,4335582,4336082,4337332
70,4337334,4338832,,5909548.0,4338849,4339115,4339615,4341382
71,4341384,4342382,,5994990.0,4342399,4342666,4343166,4346533
72,4346535,4347533,,,4347549,4347816,4348316,4350283
73,4350285,4351783,,,4351800,4352067,4352566,4354383
74,4354385,4355384,,,4355400,4355667,4356167,4357667
75,4357669,4358668,,,4358684,4358934,4359434,4360984
76,4360986,4361985,,,4362001,4362267,4362768,4365818
77,4365820,4366318,,,4366334,4366585,4367085,4368301
78,4368304,4369802,,,4369819,4370085,4370585,4371769
79,4371771,4373269,,,4373285,4373552,4374052,4375252
80,4382129,4383619,,,4383636,4383886,4384386,4385819
81,4385822,4387320,,,4387337,4387586,4388087,4392020
82,4392022,4393020,,,4393037,4393304,4393804,4395504
83,4395506,4396504,,,4396521,4396788,4397288,4399438
84,4399440,4400438,,,4400454,4400721,4401221,4402571
85,4402574,4405321,,,4405338,4405605,4406105,4407389
86,4407391,4408388,,,4408405,4408672,4409172,4410555
87,4410557,4412055,,,4412072,4412339,4412839,4414489
88,4414491,4417740,,,4417756,4418023,4418523,4420823
89,4420825,4422323,,,4422340,4422607,4423107,4424473
90,4424475,4425473,,,4425491,4425741,4426241,4429407
91,4429409,4429908,,,4429924,4430174,4430674,4434841
92,4434844,4435841,,,4435858,4436108,4436608,4440741
93,4440744,4441742,,,4441759,4442009,4442508,4443959
94,4443960,4446209,,,4446225,4446476,4446976,4449426
95,4449428,4450926,,,4450943,4451209,4451709,4453009
96,4453011,4454509,,,4454526,4454776,4455276,4457693
97,4457695,4459194,,,4459210,4459460,4459960,4461293
98,4461295,4462294,,,4462310,4462560,4463061,4464527
99,4464529,4465528,,,4465544,4465794,4466294,4468077
100,4472852,4474345,,,4474362,4474628,4475128,4476361
101,4476364,4477862,,,4477878,4478128,4478629,4480112
102,4480114,4481112,,,4481129,4481395,4481895,4483145
103,4483147,4484646,,,4484662,4484912,4485413,4486662
104,4486665,4490913,,,4490930,4491196,4491697,4493063
105,4493066,4494064,,,4494080,4494330,4494830,4498131
106,4498132,4498631,,,4498647,4498914,4499414,4500797
107,4500799,4502297,,,4502314,4502581,4503081,4504881
108,4504883,4506381,,,4506398,4506648,4507148,4508432
109,4508434,4509932,,,4509948,4510215,4510715,4513315
110,4513317,4514315,,,4514332,4514599,4515099,4516982
111,4516984,4518482,,,4518499,4518749,4519249,4520649
112,4520651,4521649,,,4521666,4521933,4522433,4524099
113,4524101,4525100,,,4525116,4525366,4525867,4527450
114,4527451,4528450,,,4528467,4528734,4529233,4530400
115,4530402,4531900,,,4531917,4532167,4532667,4535267
116,4535269,4536768,,,4536784,4537034,4537534,4538868
117,4538870,4541118,,,4541134,4541401,4541901,4543801
118,4543803,4545302,,,4545318,4545585,4546085,4547818
119,4547820,4549319,,,4549335,4549602,4550102,4552085
120,4557335,4558336,,,4558353,4558603,4559103,4562620
121,4562621,4563620,,,4563637,4563887,4564387,4565587
122,4565589,4567837,,,4567854,4568120,4568621,4570587
123,4570589,4572838,,,4572854,4573121,4573621,4575621
124,4575623,4577121,,,4577138,4577405,4577905,4580572
125,4580574,4581072,,,4581088,4581356,4581856,4583172
126,4583174,4584172,,,4584188,4584439,4584939,4586222
127,4586224,4587222,,,4587239,4587506,4588006,4589805
128,4589807,4590806,,,4590823,4591089,4591589,4593473
129,4593475,4593973,,,4593989,4594240,4594740,4596556
130,4596558,4597557,,,4597573,4597840,4598340,4600173
131,4600175,4601674,,,4601690,4601957,4602457,4604440
132,4604442,4605940,,,4605957,4606224,4606724,4608041
133,4608042,4609541,,,4609558,4609808,4610308,4611424
134,4611426,4613675,,,4613691,4613941,4614442,4615691
135,4615693,4616691,,,4616708,4616975,4617475,4618958
136,4618961,4620459,,,4620475,4620726,4621225,4622409
137,4622411,4623909,,,4623926,4624192,4624692,4627192
138,4627195,4628193,,,4628209,4628476,4628976,4631043
139,4631045,4631543,,,4631560,4631810,4632310,4634593
140,4641514,4643011,,,4643028,4643277,4643778,4645161
141,4645163,4646161,,,4646178,4646428,4646929,4648228
142,4648230,4649728,,,4649745,4649995,4650495,4652045
143,4652047,4653045,,,4653062,4653312,4653812,4655062
144,4655064,4656062,,,4656079,4656346,4656846,4658312
145,4658314,4659312,,,4659329,4659579,4660079,4661529
146,4661531,4663030,,,4663046,4663313,4663813,4665246
147,4665248,4666747,,,4666764,4667013,4667513,4668880
148,4668882,4669880,,,4669897,4670163,4670664,4671930
149,4671933,4673431,,,4673447,4673714,4674214,4675498
150,4675500,4676997,,,4677014,4677281,4677781,4679214
151,4679216,4680214,,,4680231,4680498,4680998,4683065
152,4683067,4685315,,,4685332,4685582,4686082,4687531
153,4687534,4689032,,,4689049,4689299,4689799,4692182
154,4692184,4693182,,,4693199,4693450,4693949,4695099
155,4695101,4696100,,,4696116,4696367,4696866,4700650
156,4700652,4702150,,,4702166,4702433,4702933,4705734
157,4705735,4706734,,,4706750,4707001,4707500,4709900
158,4709903,4710901,,,4710917,4711167,4711668,4712867
159,4712869,4715118,,,4715134,4715401,4715901,4718684
160,4723630,4725869,,,4725886,4726152,4726652,4729219
161,4729221,4731469,,,4731486,4731753,4732253,4733836
162,4733838,4734836,,,4734853,4735120,4735620,4736786
163,4736788,4738287,,,4738303,4738570,4739070,4740403
164,4740405,4741903,,,4741920,4742187,4742687,4743854
165,4743855,4745354,,,4745370,4745637,4746137,4747371
166,4747373,4748871,,,4748888,4749138,4749638,4750871
167,4750873,4752372,,,4752388,4752638,4753138,4754255
168,4754256,4755755,,,4755772,4756022,4756522,4757638
169,4757640,4759139,,,4759155,4759422,4759922,4761289
170,4761291,4762290,,,4762306,4762555,4763056,4764272
171,4764274,4765272,,,4765289,4765556,4766056,4767673
172,4767675,4768673,,,4768689,4768940,4769440,4770689
173,4770691,4773440,,,4773457,4773723,4774224,4775573
174,4775576,4778824,,,4778841,4779091,4779591,4781524
175,4781526,4782524,,,4782541,4782791,4783291,4784674
176,4784676,4785674,,,4785691,4785958,4786458,4789425
177,4789427,4791675,,,4791692,4791942,4792442,4795192
178,4795194,4796693,,,4796709,4796959,4797459,4798926
179,4798927,4799926,,,4799943,4800209,4800709,4802143
180,4806848,4808344,,,4808360,4808610,4809110,4810794
181,4810796,4812294,,,4812310,4812577,4813077,4814294
182,4814297,4815294,,,4815311,4815560,4816061,4818177
183,4818179,4818678,,,4818694,4818961,4819461,4820778
184,4820780,4821778,,,4821794,4822044,4822545,4823978
185,4823980,4825478,,,4825495,4825761,4826262,4829078
186,4829080,4830579,,,4830595,4830862,4831362,4834246
187,4834248,4835246,,,4835262,4835513,4836013,4837513
188,4837514,4838513,,,4838529,4838780,4839280,4840563
189,4840564,4841563,,,4841580,4841830,4842330,4843630
190,4843632,4844630,,,4844647,4844913,4845413,4846630
191,4846632,4847630,,,4847647,4847914,4848414,4849714
192,4849716,4850715,,,4850731,4850997,4851498,4853514
193,4853516,4854514,,,4854531,4854781,4855281,4856531
194,4856533,4857531,,,4857548,4857798,4858298,4859598
195,4859600,4860598,,,4860615,4860881,4861382,4862598
196,4862600,4864098,,,4864116,4864382,4864882,4867082
197,4867084,4868083,,,4868099,4868366,4868866,4870482
198,4870484,4871482,,,4871499,4871766,4872266,4873566
199,4873568,4875066,,,4875083,4875350,4875850,4877200
200,4882417,4883417,,,4883434,4883700,4884200,4885500
201,4885502,4886001,,,4886017,4886268,4886767,4888684
202,4888686,4889684,,,4889701,4889951,4890451,4891751
203,4891753,4892751,,,4892768,4893018,4893518,4894735
204,4894737,4896235,,,4896252,4896502,4897002,4898401
205,4898403,4899902,,,4899919,4900185,4900685,4902102
206,4902104,4903602,,,4903619,4903869,4904369,4905836
207,4905838,4907336,,,4907353,4907620,4908120,4909553
208,4909555,4911053,,,4911070,4911337,4911836,4913087
209,4913089,4914587,,,4914603,4914870,4915370,4917154
210,4917155,4918154,,,4918171,4918421,4918921,4920354
211,4920356,4922604,,,4922621,4922888,4923388,4925371
212,4925373,4926371,,,4926389,4926654,4927155,4928388
213,4928390,4929388,,,4929405,4929655,4930155,4931605
214,4931607,4932605,,,4932622,4932872,4933372,4934805
215,4934807,4936305,,,4936322,4936572,4937072,4938489
216,4938491,4939489,,,4939506,4939773,4940273,4942272
217,4942274,4943773,,,4943789,4944056,4944556,4946006
218,4946008,4947007,,,4947023,4947290,4947790,4949790
219,4949792,4951290,,,4951307,4951574,4952074,4953524
220,4958611,4959608,,,4959624,4959874,4960374,4961724
221,4961726,4964475,,,4964491,4964758,4965258,4966575
222,4966577,4967575,,,4967592,4967842,4968342,4971075
223,4971077,4972576,,,4972592,4972859,4973359,4975226
224,4975228,4977476,,,4977493,4977759,4978260,4979476
225,4979478,4980976,,,4980993,4981243,4981743,4982910
226,4982913,4984410,,,4984427,4984677,4985177,4986460
227,4986463,4987961,,,4987977,4988227,4988727,4989877
228,4989879,4992128,,,4992144,4992394,4992894,4994428
229,4994430,4995428,,,4995445,4995711,4996211,4997795
230,4997796,4998795,,,4998812,4999078,4999578,5001012
231,5001014,5002512,,,5002528,5002779,5003279,5004562
232,5004564,5006063,,,5006079,5006329,5006829,5008112
233,5008115,5009612,,,5009629,5009879,5010379,5011779
234,5011781,5014530,,,5014546,5014796,5015296,5016713
235,5016715,5018213,,,5018230,5018480,5018981,5020397
236,5020399,5024147,,,5024164,5024431,5024931,5027997
237,5028000,5028997,,,5029014,5029264,5029764,5031281
238,5031283,5032281,,,5032298,5032565,5033065,5035431
239,5035434,5036431,,,5036448,5036698,5037198,5039849
240,5039850,5041349,,,5041365,5041616,5042116,5043849
241,5047736,5049233,,,5049250,5049500,5050000,5055318
242,5055320,5056317,,,5056333,5056601,5057101,5057670
243,5057671,5059167,,,5059184,5059451,5059951,5060677
244,5060679,5062168,,,5062184,5062451,5062951,5063653
245,5063655,5064151,,,5064168,5064418,5064918,5065894
246,5065896,5066385,,,5066401,5066651,5067151,5067925
247,5067927,5068918,,,5068935,5069202,5069702,5070502
248,5070504,5072002,,,5072018,5072285,5072785,5073621
249,5073623,5074619,,,5074635,5074902,5075402,5078134
250,5078136,5079136,,,5079153,5079419,5079919,5080742
251,5080744,5082236,,,5082253,5082519,5083020,5084022
252,5084024,5085020,,,5085036,5085303,5085803,5086662
253,5086664,5087653,,,5087670,5087920,5088420,5089367
254,5089369,5090370,,,5090387,5090637,5091137,5094919
255,5094920,5095921,,,5095937,5096187,5096687,5097367
256,5097368,5098371,,,5098387,5098655,5099154,5100342
257,5100344,5101838,,,5101854,5102121,5102622,5103430
258,5103432,5104922,,,5104938,5105205,5105705,5106807
259,5106809,5109055,,,5109072,5109322,5109822,5111015
260,5116743,5117739,,,5117756,5118006,5118507,5119543
261,5119545,5122790,,,5122806,5123057,5123557,5124616
262,5124618,5125607,,,5125623,5125890,5126390,5127111
263,5127113,5127607,,,5127624,5127891,5128391,5129176
264,5129178,5130174,,,5130190,5130440,5130941,5131655
265,5131657,5132157,,,5132174,5132441,5132941,5135448
266,5135450,5135941,,,5135958,5136225,5136725,5137832
267,5137834,5138825,,,5138841,5139092,5139591,5140824
268,5140826,5141825,,,5141842,5142109,5142608,5145064
269,5145066,5146059,,,5146075,5146342,5146842,5147576
270,5147578,5149076,,,5149093,5149343,5149843,5152889
271,5152890,5153393,,,5153410,5153659,5154160,5154745
272,5154747,5155743,,,5155760,5156026,5156527,5157432
273,5157434,5158427,,,5158444,5158710,5159210,5159785
274,5159787,5161277,,,5161294,5161544,5162044,5162985
275,5162987,5164477,,,5164494,5164761,5165261,5165929
276,5165931,5166427,,,5166444,5166711,5167211,5168041
277,5168043,5168544,,,5168561,5168811,5169311,5170169
278,5170171,5171161,,,5171178,5171428,5171928,5175625
279,5175627,5176628,,,5176646,5176912,5177412,5178521
280,5183453,5184446,,,5184463,5184713,5185213,5186233
281,5186235,5187230,,,5187246,5187513,5188013,5189033
282,5189035,5190030,,,5190046,5190313,5190813,5191802
283,5191804,5192797,,,5192813,5193080,5193580,5194489
284,5194492,5195980,,,5195997,5196264,5196764,5197930
285,5197932,5199431,,,5199447,5199714,5200214,5201850
286,5201852,5203348,,,5203364,5203631,5204131,5204762
287,5204764,5205264,,,5205281,5205531,5206031,5206858
288,5206861,5207348,,,5207364,5207615,5208115,5208714
289,5208716,5209215,,,5209231,5209481,5209982,5211083
290,5211085,5212082,,,5212098,5212365,5212865,5213722
291,5213724,5215215,,,5215232,5215482,5215982,5216666
292,5216668,5218166,,,5218182,5218449,5218950,5220043
293,5220045,5221032,,,5221049,5221316,5221816,5222698
294,5222701,5223700,,,5223716,5223966,5224466,5225291
295,5225293,5226783,,,5226800,5227066,5227567,5228795
296,5228797,5229300,,,5229317,5229567,5230067,5230907
297,5230909,5231900,,,5231917,5232167,5232667,5233371
298,5233373,5234867,,,5234884,5235151,5235651,5236971
299,5236973,5237968,,,5237985,5238251,5238751,5239467
300,5244127,5244618,,,5244635,5244885,5245385,5246460
301,5246462,5247452,,,5247469,5247718,5248219,5249036
302,5249037,5250036,,,5250052,5250302,5250802,5251516
303,5251518,5252519,,,5252535,5252785,5253285,5254028
304,5254030,5255019,,,5255036,5255303,5255803,5256764
305,5256765,5257753,,,5257770,5258036,5258536,5259228
306,5259230,5260720,,,5260737,5260986,5261487,5262092
307,5262094,5263587,,,5263603,5263870,5264370,5265308
308,5265310,5265804,,,5265821,5266070,5266571,5267148
309,5267150,5268154,,,5268171,5268437,5268937,5269805
310,5269807,5270304,,,5270321,5270571,5271071,5272061
311,5272063,5273554,,,5273571,5273838,5274338,5275245
312,5275247,5281488,,,5281505,5281755,5282255,5283661
313,5283663,5284656,,,5284672,5284922,5285422,5286397
314,5286399,5287389,,,5287406,5287672,5288172,5289005
315,5289006,5290006,,,5290023,5290273,5290773,5291677
316,5291679,5293173,,,5293190,5293440,5293940,5294509
317,5294511,5295507,,,5295523,5295773,5296273,5297405
318,5297407,5298407,,,5298423,5298673,5299173,5300189
319,5300192,5301191,,,5301207,5301474,5301974,5302621
320,5307490,5309741,,,5309758,5310008,5310508,5311566
321,5311568,5312558,,,5312575,5312825,5313325,5314365
322,5314367,5322109,,,5322125,5322376,5322876,5323598
323,5323600,5325092,,,5325109,5325376,5325876,5326830
324,5326832,5327826,,,5327843,5328110,5328610,5329518
325,5329520,5331010,,,5331026,5331277,5331776,5332910
326,5332912,5334410,,,5334427,5334693,5335194,5336575
327,5336577,5337077,,,5337094,5337360,5337860,5338655
328,5338657,5340144,,,5340160,5340411,5340911,5341871
329,5341873,5344111,,,5344128,5344394,5344894,5345487
330,5345489,5346478,,,5346494,5346745,5347244,5347823
331,5347825,5349328,,,5349345,5349612,5350112,5350687
332,5350689,5351679,,,5351695,5351962,5352462,5353247
333,5353249,5354245,,,5354262,5354512,5355012,5356591
334,5356593,5360846,,,5360863,5361112,5361613,5362608
335,5362610,5364113,,,5364130,5364380,5364880,5365807
336,5365809,5369547,,,5369563,5369814,5370314,5370880
337,5370882,5375131,,,5375147,5375397,5375897,5376528
338,5376530,5385782,,,5385798,5386049,5386548,5387584
339,5387587,5388582,,,5388599,5388849,5389348,5389905
340,5395972,5397466,,,5397483,5397733,5398233,5398913
341,5398915,5400416,,,5400433,5400700,5401200,5401745
342,5401747,5403983,,,5404000,5404250,5404750,5405425
343,5405428,5406417,,,5406434,5406700,5407200,5408225
344,5408227,5409217,,,5409234,5409501,5410001,5410673
345,5410675,5411667,,,5411684,5411934,5412434,5413522
346,5413523,5415018,,,5415034,5415285,5415785,5416449
347,5416451,5417951,,,5417968,5418218,5418718,5419282
348,5419284,5422535,,,5422552,5422818,5423318,5424322
349,5424324,5432069,,,5432086,5432353,5432853,5433601
350,5433603,5434603,,,5434620,5434870,5435369,5435986
351,5435988,5436987,,,5437003,5437253,5437753,5438626
352,5438629,5439620,,,5439637,5439903,5440403,5441106
353,5441108,5447354,,,5447371,5447638,5448137,5448771
354,5448773,5456521,,,5456538,5456805,5457305,5458227
355,5458229,5460472,,,5460489,5460739,5461239,5461971
356,5461973,5462972,,,5462989,5463239,5463739,5464755
357,5464757,5466256,,,5466273,5466523,5467023,5467699
358,5467701,5468189,,,5468206,5468473,5468973,5469699
359,5469701,5479941,,,5479957,5480208,5480707,5481555
360,5486520,5487508,,,5487525,5487791,5488291,5494900
361,5494902,5495892,,,5495909,5496176,5496676,5497637
362,5497639,5499142,,,5499159,5499409,5499909,5500821
363,5500823,5502326,,,5502343,5502609,5503110,5504069
364,5504071,5514311,,,5514327,5514594,5515094,5516021
365,5516023,5517011,,,5517027,5517294,5517794,5518773
366,5518775,5519777,,,5519794,5520044,5520544,5521365
367,5521367,5522361,,,5522378,5522628,5523128,5524149
368,5524151,5524645,,,5524661,5524928,5525428,5526165
369,5526167,5526662,,,5526678,5526928,5527428,5528085
370,5528087,5528579,,,5528595,5528845,5529346,5530757
371,5530759,5531762,,,5531779,5532029,5532529,5533413
372,5533415,5534412,,,5534429,5534679,5535179,5535845
373,5535848,5536346,,,5536363,5536629,5537129,5537813
374,5537815,5538313,,,5538329,5538596,5539096,5539750
375,5539752,5540746,,,5540763,5541013,5541513,5542406
376,5542408,5542897,,,5542913,5543163,5543663,5544214
377,5544216,5544713,,,5544730,5544980,5545481,5546422
378,5546424,5546914,,,5546930,5547180,5547681,5548294
379,5548296,5548797,,,5548814,5549081,5549581,5550646
380,5555432,5556431,,,5556448,5556698,5557198,5557767
381,5557769,5561015,,,5561032,5561282,5561782,5562886
382,5562888,5564382,,,5564399,5564649,5565149,5566007
383,5566008,5567499,,,5567516,5567766,5568266,5568823
384,5568825,5569816,,,5569832,5570082,5570582,5571159
385,5571161,5572649,,,5572666,5572933,5573433,5574407
386,5574409,5575900,,,5575917,5576167,5576667,5578006
387,5578008,5578500,,,5578517,5578767,5579267,5580615
388,5580617,5582117,,,5582134,5582401,5582900,5583847
389,5583849,5585350,,,5585367,5585617,5586117,5587095
390,5587097,5590335,,,5590351,5590618,5591118,5592039
391,5592041,5593535,,,5593551,5593801,5594302,5595048
392,5595049,5596052,,,5596069,5596335,5596835,5599240
393,5599242,5600735,,,5600752,5601019,5601519,5602855
394,5602857,5605102,,,5605120,5605369,5605870,5606807
395,5606809,5608303,,,5608319,5608586,5609086,5610040
396,5610041,5611536,,,5611553,5611820,5612320,5612952
397,5612954,5615703,,,5615721,5615970,5616470,5617161
398,5617163,5620404,,,5620420,5620670,5621170,5622072
399,5622075,5623571,,,5623588,5623838,5624338,5625209
400,5632429,5633422,,,5633438,5633689,5634189,5634761
401,5634763,5635255,,,5635272,5635522,5636022,5636713
402,5636716,5638206,,,5638222,5638489,5638989,5640009
403,5640011,5641006,,,5641023,5641289,5641789,5642409
404,5642411,5643906,,,5643923,5644173,5644673,5645705
405,5645707,5647207,,,5647223,5647490,5647990,5648553
406,5648556,5649557,,,5649573,5649823,5650323,5650937
407,5650939,5652440,,,5652457,5652707,5653207,5654122
408,5654123,5657874,,,5657891,5658141,5658641,5659417
409,5659420,5660408,,,5660424,5660691,5661191,5661945
410,5661947,5662942,,,5662958,5663225,5663725,5664794
411,5664796,5665792,,,5665808,5666075,5666575,5667242
412,5667244,5668242,,,5668259,5668525,5669026,5670010
413,5670012,5671009,,,5671025,5671276,5671776,5672346
414,5672348,5673342,,,5673359,5673609,5674109,5674714
415,5674717,5675709,,,5675726,5675993,5676493,5677482
416,5677484,5679726,,,5679743,5679993,5680493,5681322
417,5681325,5682326,,,5682343,5682593,5683094,5683818
418,5683820,5690061,,,5690077,5690344,5690844,5691835
419,5691837,5692827,,,5692844,5693094,5693594,5694539
420,5702093,5703595,,,5703612,5703862,5704362,5705563
421,5705565,5707812,,,5707829,5708095,5708596,5709451
422,5709453,5710446,,,5710463,5710729,5711229,5712139
423,5712141,5712629,,,5712646,5712913,5713413,5714379
424,5714381,5714880,,,5714896,5715163,5715663,5716635
425,5716638,5717630,,,5717646,5717897,5718397,5719836
426,5719838,5721330,,,5721347,5721597,5722097,5722939
427,5722941,5725181,,,5725197,5725464,5725964,5727180
428,5727182,5728681,,,5728697,5728948,5729448,5730556
429,5730558,5732048,,,5732065,5732331,5732831,5733884
430,5733886,5737131,,,5737148,5737399,5737899,5738525
431,5738527,5739515,,,5739532,5739799,5740299,5740972
432,5740974,5741965,,,5741982,5742249,5742749,5743436
433,5743439,5744433,,,5744449,5744716,5745216,5746093
434,5746095,5748333,,,5748349,5748616,5749117,5750093
435,5750095,5751583,,,5751600,5751866,5752366,5755341
436,5755342,5758584,,,5758600,5758867,5759367,5761309
437,5761311,5762301,,,5762317,5762584,5763085,5763757
438,5763760,5770001,,,5770018,5770268,5770768,5771982
439,5771983,5772985,,,5773002,5773268,5773769,5774718
440,5779982,5781469,,,5781486,5781753,5782253,5783950
441,5783952,5784953,,,5784970,5785220,5785720,5786302
442,5786304,5787803,,,5787820,5788087,5788586,5789646
443,5789648,5796887,,,5796904,5797154,5797654,5798863
444,5798865,5800354,,,5800371,5800621,5801121,5802350
445,5802352,5803355,,,5803371,5803638,5804138,5805134
446,5805136,5805638,,,5805655,5805922,5806422,5807151
447,5807153,5808155,,,5808172,5808422,5808922,5810431
448,5810433,5811422,,,5811439,5811706,5812206,5813183
449,5813185,5814172,,,5814189,5814456,5814956,5815535
450,5815537,5816539,,,5816556,5816806,5817306,5818719
451,5818721,5819723,,,5819740,5820006,5820506,5822255
452,5822257,5823257,,,5823273,5823540,5824040,5824607
453,5824609,5825607,,,5825624,5825874,5826373,5827008
454,5827009,5831257,,,5831274,5831524,5832024,5832575
455,5832577,5834075,,,5834091,5834341,5834841,5836304
456,5836306,5840058,,,5840075,5840342,5840842,5841856
457,5841858,5843359,,,5843375,5843642,5844142,5844736
458,5844738,5846976,,,5846992,5847242,5847742,5848608
459,5848610,5849109,,,5849126,5849392,5849893,5850561
460,5850563,5851559,,,5851576,5851826,5852326,5852945
461,5852946,5855693,,,5855710,5855977,5856477,5857441
462,5857443,5857943,,,5857960,5858227,5858727,5861153
463,5861155,5862143,,,5862160,5862411,5862911,5863489
464,5863491,5864494,,,5864511,5864777,5865277,5866209
465,5866211,5867211,,,5867227,5867494,5867994,5868705
466,5868707,5870194,,,5870211,5870478,5870978,5871905
467,5871907,5872395,,,5872411,5872661,5873161,5874209
468,5874211,5875712,,,5875728,5875995,5876495,5877185
469,5877187,5880429,,,5880445,5880695,5881196,5882145
470,5882147,5883646,,,5883662,5883929,5884429,5885666
471,5885667,5887162,,,5887179,5887430,5887930,5888818
472,5888820,5889313,,,5889330,5889596,5890096,5890657
473,5890659,5891646,,,5891663,5891930,5892430,5893282
474,5893284,5894780,,,5894797,5895047,5895547,5896146
475,5896148,5897647,,,5897663,5897931,5898431,5899314
476,5899316,5900314,,,5900331,5900581,5901080,5901762
477,5901764,5902764,,,5902781,5903031,5903531,5904546
478,5904548,5909798,,,5909815,5910082,5910582,5912130
479,5912133,5913132,,,5913149,5913415,5913915,5914738
480,5914740,5915732,,,5915749,5915999,5916499,5917475
1,5941832,5942835,,,5942852,5943102,5943602,5963733
2,5963736,5964737,,,5964754,5965020,5965520,5973861
3,5973863,5974354,,,5974371,5974638,5975138,5980902
4,5980903,5981405,,,5981422,5981672,5982172,5986597
5,5986599,5987089,,,5987106,5987373,5987872,5991989
6,5991991,5995240,,,5995256,5995507,5996007,6002757
7,6002760,6003257,,,6003274,6003524,6004024,6008278
8,6008280,6008775,,,6008791,6009058,6009558,6014086
