eye,tStart,tEnd,duration,xAvg,yAvg,pupilAvg
L,963140,963258,120,1845.9,955.7,3880
L,963370,963748,380,1888.3,1054.3,3941
L,963774,963964,192,1536.0,938.1,3765
L,963998,964160,164,2111.7,1086.7,3230
L,964180,964272,94,2345.0,1115.1,3012
L,964316,964462,148,1547.5,976.4,2990
L,964648,964814,168,2080.7,1107.2,2753
L,964836,965010,176,2275.0,1201.3,2719
L,965038,967378,2342,1921.2,1066.6,3447
L,967564,967872,310,1904.4,1094.8,3782
L,967894,968072,180,2167.7,1174.7,3405
L,968102,968438,338,1754.9,1011.0,3025
L,968462,968768,308,2088.3,1089.6,2860
L,968792,969124,334,2313.4,1179.0,3086
L,969158,969694,538,1896.3,1039.5,3402
L,969712,970288,578,2083.3,1089.1,3608
L,970308,970600,294,1844.5,1031.1,3765
L,970808,971014,208,2179.4,1118.6,3792
L,971042,971208,168,1750.3,1003.9,3898
L,971244,971514,272,1108.9,979.9,3467
L,971556,971702,148,1928.5,1066.8,3189
L,971734,971948,216,2443.1,1182.8,3165
L,971980,972136,158,2984.1,1214.6,3137
L,972204,972444,242,1454.8,982.9,3327
L,972476,972664,190,889.6,993.6,3305
L,972708,972990,284,1828.0,1011.6,3372
L,973106,973372,268,2304.5,1220.2,3355
L,973392,973602,212,2512.5,1192.0,3291
L,973630,973750,122,2944.2,1213.8,3167
L,973936,974272,338,2094.4,1103.0,3383
L,974300,974858,560,1724.3,998.5,3497
L,974898,975248,352,998.5,952.3,3649
L,975286,975584,300,1681.5,974.6,3681
L,975622,975908,288,2316.3,1178.4,3565
L,975944,976862,920,1750.5,1007.5,3700
L,976886,977072,188,1964.4,1093.5,3727
L,977094,977546,454,2211.7,1178.8,3554
L,977570,977766,198,1868.3,1031.7,3516
L,977788,978084,298,2079.6,1096.4,3594
L,978110,978248,140,1731.7,1008.8,3747
L,978430,978742,314,2090.9,1044.8,3744
L,978768,979000,234,1784.7,1001.3,3823
L,979036,979286,252,1223.5,984.9,3482
L,979330,979540,212,2188.7,1130.1,2923
L,979580,979874,296,2880.3,1204.6,2631
L,979906,980036,132,3270.0,1278.1,2414
L,980140,980304,166,741.4,988.6,2433
L,980328,980446,120,465.4,1048.9,2367
L,980540,980798,260,1495.2,946.5,2489
L,980824,980950,128,1893.4,1008.0,2550
L,981118,981278,162,2204.1,1135.4,2815
L,981308,981598,292,2599.7,1189.6,2960
L,981620,981776,158,2861.6,1199.5,2999
L,981946,982142,198,2096.6,1120.5,3178
L,982180,982332,154,2495.2,1166.6,3172
L,982362,982542,182,3026.7,1193.2,3146
L,982580,982826,248,2152.1,1145.4,3305
L,982840,982998,160,2060.2,1111.6,3277
L,983020,983206,188,1856.3,1050.7,3275
L,983218,984760,1544,1937.4,1085.8,3505
L,985174,985444,272,2014.0,1177.5,3710
L,985478,985644,168,1413.6,988.4,3773
L,985682,985946,266,699.2,1031.4,3914
L,986002,986176,176,2003.2,1088.4,3839
L,986210,986340,132,2428.1,1190.2,3775
L,986440,986668,230,2964.4,1240.2,3727
L,986704,987100,398,2081.1,1168.7,3837
L,987132,987424,294,1583.4,1001.2,3887
L,987448,988786,1340,1926.3,1093.6,3921
L,989040,989466,428,2098.0,1185.1,3339
L,989498,989700,204,1623.9,962.4,3470
L,989734,989918,186,2178.1,1087.4,3462
L,990028,990220,194,2714.1,1066.4,3353
L,990272,990448,178,1743.4,1080.1,3657
L,990470,990798,330,1510.2,1059.6,3678
L,990826,991074,250,1085.3,936.9,3650
L,991114,991250,138,1770.0,960.0,3645
L,991290,991476,188,2506.4,1084.9,3515
L,991642,991754,114,2339.6,1212.7,3408
L,991790,992060,272,1799.4,1065.4,3506
L,992086,992348,264,2093.3,1217.9,3527
L,992384,992602,220,2617.6,1054.6,3414
L,992626,992780,156,2948.8,1076.1,3374
L,992826,992980,156,1960.2,1135.8,3571
L,999138,999338,202,2030.2,1102.6,4115
L,999368,999576,210,2519.3,1069.1,3683
L,999702,999892,192,1567.2,1027.9,3465
L,1000036,1000220,186,2165.3,1204.1,3306
L,1000266,1000498,234,1408.6,948.4,3429
L,1000732,1000794,64,2124.6,1086.1,3446
L,1000990,1001106,118,2835.4,1052.4,3349
L,1001152,1001456,306,1900.7,1109.3,3434
L,1001482,1001858,378,1513.5,1061.1,3419
L,1001898,1002160,264,2174.6,1222.8,3472
L,1002186,1002528,344,1745.5,1091.4,3613
L,1002656,1002938,284,916.1,1080.7,3704
L,1002988,1003090,104,-30.9,1624.0,3801
L,1003160,1003356,198,1620.7,989.2,3711
L,1003392,1003564,174,2200.7,1099.4,3409
L,1003598,1003836,240,2756.5,1088.1,3074
L,1003896,1004172,278,1672.7,1106.7,3292
L,1004296,1004440,146,1738.2,1090.6,3475
L,1004476,1004904,430,1030.7,977.1,3594
L,1004944,1005218,276,1768.7,985.8,3602
L,1005246,1005444,200,2210.5,1077.1,3465
L,1005478,1005710,234,2837.2,1048.0,3241
L,1005878,1005962,86,1818.4,1076.3,3533
L,1006158,1006180,24,1765.4,1129.1,3530
L,1006342,1006500,160,1350.7,943.8,3650
L,1006540,1006736,198,2091.2,1061.2,3586
L,1006766,1007106,342,2592.2,1049.5,3260
L,1007152,1007410,260,1838.7,1043.1,3337
L,1007442,1007650,210,1292.3,911.7,3502
L,1007688,1007874,188,2077.9,1009.1,3441
L,1007916,1007986,72,2754.0,1125.2,3253
L,1008168,1008480,314,3124.7,1113.2,3273
L,1008666,1008836,172,2082.8,1128.1,3499
L,1008862,1009080,220,1675.5,1022.9,3590
L,1009110,1009350,242,2097.5,1193.9,3594
L,1018542,1018794,254,2068.9,1121.7,4310
L,1018824,1018962,140,1622.0,999.8,4153
L,1019004,1019238,236,2469.3,1007.6,3616
L,1019278,1019726,450,1779.7,999.3,3535
L,1019854,1019986,134,2115.5,1042.6,3318
L,1020168,1020276,110,2534.6,1063.3,3374
L,1020516,1020728,214,1449.2,1001.4,3715
L,1020764,1021328,566,2049.7,1143.3,3564
L,1021472,1021754,284,1359.5,1199.4,3731
L,1021788,1022016,230,1918.8,1058.9,3727
L,1022040,1022636,598,2220.4,1100.0,3670
L,1022662,1022848,188,2575.7,1094.1,3634
L,1022892,1023152,262,1828.4,1090.7,3840
L,1023174,1023334,162,2036.6,1192.0,3726
L,1023360,1023558,200,1686.3,1067.7,3712
L,1023676,1023852,178,1704.8,987.1,3757
L,1023878,1024106,230,2080.5,1080.1,3670
L,1024170,1024456,288,1182.1,1963.3,3793
L,1024504,1024582,80,2210.3,1463.1,3729
L,1024606,1024788,184,2069.2,1171.9,3742
L,1024806,1027382,2578,1907.5,1081.4,3788
L,1027428,1028050,624,974.2,1010.7,3526
L,1028072,1028170,100,997.8,1191.6,3489
L,1029642,1029884,244,1046.4,1128.7,4210
L,1029906,1030290,386,1056.7,951.7,4105
L,1030312,1030724,414,1014.8,1147.3,4139
L,1030766,1033186,2422,1908.8,1094.7,4009
L,1033228,1033738,512,1053.4,1040.2,3541
L,1033866,1034060,196,1366.1,367.8,3348
L,1034098,1034226,130,2064.3,349.3,3280
L,1034270,1034396,128,2814.4,374.5,3144
L,1034470,1034748,280,1029.0,1017.1,3376
L,1034888,1035748,862,1040.4,1071.0,3668
L,1037792,1038038,248,813.2,1485.5,4292
L,1038066,1038288,224,1003.6,1085.4,4127
L,1038456,1038684,230,1028.9,1149.7,3952
L,1038728,1041188,2462,1907.6,1085.3,3826
L,1041240,1041546,308,2972.0,1106.9,3148
L,1041568,1041700,134,2964.6,1322.2,2952
L,1041842,1042064,224,3029.4,1422.5,2871
L,1043900,1044100,202,2625.1,1602.1,3101
L,1044120,1044298,180,2837.5,1625.3,3024
L,1044322,1045016,696,3001.4,1369.3,3000
L,1045164,1047600,2438,1896.8,1101.1,3617
L,1047650,1047852,204,868.5,1139.9,3294
L,1047874,1048252,380,672.0,1202.5,3234
L,1048270,1048532,264,864.7,1178.8,3502
L,1051270,1051524,256,1117.7,1146.1,4119
L,1051544,1051716,174,911.7,1170.0,3970
L,1051758,1053720,1964,1903.4,1088.3,3784
L,1053738,1053798,62,2027.5,1178.3,3945
L,1053824,1053900,78,2313.0,1356.6,3864
L,1053932,1054290,360,2820.4,1445.5,3420
L,1054312,1054474,164,3089.0,1488.4,3123
L,1055596,1055990,396,3010.6,1558.5,3523
L,1056018,1056248,232,2456.0,1398.9,3439
L,1056284,1059122,2840,1918.7,1092.4,3740
L,1059180,1059508,330,2920.6,1245.7,2984
L,1059522,1061144,1624,3013.7,1319.6,3111
L,1062976,1063232,258,2930.3,1215.2,3733
L,1063252,1063964,714,2941.4,1117.9,3369
L,1063986,1064472,488,2974.5,1338.7,3431
L,1064582,1065034,454,2921.3,1136.2,3552
L,1065086,1067578,2494,1884.3,1094.9,3767
L,1067632,1067986,356,803.9,1154.8,3418
L,1068156,1069540,1386,874.8,1196.6,3598
L,1071306,1071472,168,1121.2,1241.2,4083
L,1071496,1071686,192,759.0,1213.5,4017
L,1071710,1072078,370,1134.9,1189.3,3906
L,1072230,1072350,122,1309.7,1129.7,3921
L,1072384,1074810,2428,1907.3,1103.2,3825
L,1074852,1075340,490,1089.7,1099.8,3614
L,1075362,1075482,122,774.5,1213.7,3351
L,1076408,1077026,620,1132.3,1220.1,3851
L,1077068,1078910,1844,1899.3,1107.4,3717
L,1078960,1079470,512,1049.6,1082.7,3925
L,1079484,1079726,244,1052.7,1180.6,3415
L,1080654,1080870,218,1275.7,1152.6,3728
L,1080892,1081272,382,1041.6,1056.1,3642
L,1081320,1083410,2092,1929.5,1112.8,3667
L,1083440,1083580,142,2419.9,1327.2,3778
L,1083606,1084096,492,2764.3,1428.9,3288
L,1085420,1085874,456,2607.5,1529.9,3695
L,1085900,1086098,200,3043.4,1465.1,3449
L,1086158,1088588,2432,1920.3,1114.0,3732
L,1088642,1090188,1548,2966.5,1144.6,3095
L,1090208,1090974,768,2976.3,1314.2,3338
L,1090998,1091228,232,2883.4,1521.9,3502
L,1092522,1092740,220,2827.8,1638.0,3646
L,1092764,1093148,386,2983.7,1359.9,3418
L,1093200,1095358,2160,1906.0,1096.4,3707
L,1095400,1095532,134,1121.2,1101.3,3597
L,1095556,1095892,338,738.3,1178.6,3168
L,1095906,1096050,146,866.8,1173.9,3145
L,1096280,1099140,2862,888.8,1193.6,3641
L,1100088,1100704,618,1049.2,1134.8,3827
L,1100748,1102880,2134,1929.8,1112.7,3804
L,1102934,1103220,288,2934.1,1297.5,3294
L,1103242,1103410,170,2983.9,1492.0,3028
L,1103436,1103544,110,2974.6,1218.5,2992
L,1104226,1104430,206,2533.1,1543.0,3505
L,1104452,1104666,216,2915.8,1570.3,3499
L,1104696,1105150,456,2967.5,1164.6,3382
L,1105196,1107692,2498,1909.3,1114.8,3741
L,1107740,1107928,190,950.6,1196.4,3851
L,1107946,1108586,642,1036.1,1096.6,3354
L,1108600,1109556,958,1077.0,991.6,3685
L,1109576,1109746,172,1035.3,1120.0,3859
L,1109762,1109952,192,1064.4,1231.7,3943
L,1109976,1110188,214,1063.0,983.9,3950
L,1110334,1110478,146,1063.9,1001.9,3974
L,1110662,1111158,498,1032.6,975.0,4002
L,1111204,1111396,194,1989.0,1098.2,3853
L,1111410,1113318,1910,1896.5,1094.9,3767
L,1113374,1113626,254,2888.9,1066.1,3460
L,1113646,1113846,202,2989.4,1211.3,3078
L,1113864,1114182,320,2965.1,1338.8,3046
L,1114288,1114978,692,2990.4,1350.8,3289
L,1115002,1115646,646,2783.5,1550.9,3533
L,1115906,1116448,544,2792.7,1646.6,3623
L,1116484,1116638,156,2919.3,1114.6,3535
L,1116684,1119322,2640,1908.3,1117.8,3775
L,1119354,1119494,142,2340.7,1315.9,3476
L,1119514,1119696,184,2541.8,1396.2,3263
L,1119720,1119920,202,2871.9,1462.3,3216
L,1120052,1120846,796,2740.1,1427.6,3464
L,1120900,1122630,1732,1905.9,1117.6,3697
L,1122678,1123116,440,2563.2,1404.7,3755
L,1123132,1124110,980,2756.1,1434.4,3278
L,1124160,1126266,2108,1931.5,1113.2,3743
L,1126312,1127212,902,1035.9,1060.4,3397
L,1127354,1128286,934,1090.4,1076.8,3710
L,1128332,1130470,2140,1933.3,1109.1,3787
L,1130512,1130906,396,1086.6,1000.8,3703
L,1131040,1131806,768,1935.4,1120.7,3634
L,1131852,1132020,170,939.5,1080.8,3888
L,1132040,1132708,670,1098.5,982.6,3919
L,1132840,1133506,668,1910.3,1108.1,3897
L,1133530,1133662,134,2166.5,1117.3,3522
L,1133698,1134012,316,1520.1,1018.4,3448
L,1134044,1134266,224,2032.8,1199.6,3491
L,1134298,1134414,118,1516.5,1064.2,3647
L,1134496,1134920,426,1127.3,445.7,3539
L,1135102,1135184,84,2437.9,277.6,3340
L,1135228,1135386,160,1772.6,1029.0,3600
L,1135402,1135592,192,1623.4,1051.8,3589
L,1135616,1136182,568,1976.8,1145.7,3523
L,1136202,1136414,214,1848.4,1034.2,3602
L,1136520,1136758,240,2223.8,1109.3,3576
L,1136800,1137020,222,1568.4,970.2,3652
L,1137044,1137298,256,1916.6,1035.8,3450
L,1137316,1137790,476,2165.7,1087.9,3394
L,1137814,1138078,266,1828.3,1068.0,3473
L,1138172,1138502,332,1734.8,1090.8,3561
L,1138522,1140458,1938,1909.1,1116.4,3700
L,1140506,1141172,668,1036.5,1073.5,3825
L,1141284,1142406,1124,1019.6,1159.1,3656
L,1142452,1144658,2208,1918.4,1120.7,3702
L,1144700,1144780,82,1088.0,1064.2,3926
L,1144800,1145298,500,914.1,1169.0,3477
L,1145452,1146166,716,912.8,1202.7,3711
L,1146182,1146900,720,751.9,1224.8,3802
L,1146914,1147586,674,889.6,1191.9,3900
L,1147634,1149650,2018,1902.7,1105.2,3725
L,1149696,1149884,190,1037.9,1065.1,3956
L,1149902,1150168,268,874.4,1153.4,3844
L,1150184,1150368,186,723.8,1194.9,3522
L,1150392,1150618,228,1084.0,1164.1,3524
L,1150642,1151070,430,769.0,1200.5,3695
L,1151088,1151390,304,959.3,1167.7,3828
L,1151436,1153164,1730,1898.9,1092.0,3720
L,1153218,1153608,392,2569.9,1321.4,3680
L,1153628,1154184,558,2757.4,1413.3,3280
L,1154206,1154702,498,3065.6,1471.7,3271
L,1154724,1154854,132,2738.7,1471.0,3450
L,1154904,1156874,1972,1928.4,1099.9,3623
L,1156918,1157104,188,2713.6,1322.3,3553
L,1157126,1157516,392,2998.9,1343.7,3093
L,1157538,1158660,1124,2969.0,1141.2,3300
L,1158702,1160204,1504,1921.7,1107.3,3766
L,1160220,1161270,1052,1953.2,1114.4,3779
L,1161324,1161506,184,2763.5,1290.8,3257
L,1161526,1161732,208,2981.6,1361.2,3350
L,1161862,1162136,276,2909.4,1509.7,3435
L,1162152,1162390,240,2794.5,1549.8,3579
L,1162414,1163726,1314,2965.2,1326.3,3665
L,1163792,1165060,1270,1907.4,1125.7,4001
L,1165258,1165486,230,2582.6,1282.0,3898
L,1165526,1166086,562,1914.7,1117.2,4052
L,1166130,1166324,196,2652.9,1389.5,3605
L,1166348,1166530,184,2962.3,1512.8,3259
L,1166716,1166970,256,2844.2,1603.5,3335
L,1167154,1167274,122,2982.5,1515.8,3466
L,1167294,1167472,180,2783.4,1538.1,3507
L,1167494,1168096,604,2968.4,1354.8,3530
L,1168120,1168626,508,2703.7,1555.4,3610
L,1168640,1169660,1022,2789.0,1549.4,3722
L,1169686,1169810,126,2943.6,1293.2,3783
L,1170004,1170208,206,2903.6,1172.7,3749
L,1170380,1171066,688,2900.1,1310.6,3696
L,1171116,1173224,2110,1898.6,1094.7,3844
L,1173264,1173440,178,2661.5,1283.8,3809
L,1173460,1173668,210,2961.9,1294.2,3403
L,1173688,1173974,288,2978.6,1138.3,3097
L,1174004,1174788,786,2774.7,1426.4,3357
L,1174838,1177010,2174,1918.5,1101.9,3845
L,1177064,1177352,290,2812.4,1218.3,3518
L,1177370,1177454,86,2992.3,1276.5,3207
L,1177588,1177752,166,2969.7,1228.6,3210
L,1177766,1178040,276,3013.7,1305.7,3384
L,1178064,1178516,454,2959.3,1077.5,3432
L,1178540,1179338,800,2963.9,1288.3,3539
L,1179380,1181134,1756,1922.8,1106.2,3951
L,1181188,1181520,334,2760.8,1208.4,3847
L,1181538,1182416,880,2983.0,1283.2,3469
L,1182476,1185056,2582,1922.8,1102.6,3936
L,1185100,1185548,450,1031.4,1056.0,3787
L,1185702,1187110,1410,1051.7,1063.7,3734
L,1187160,1188610,1452,1902.7,1087.0,3908
L,1188628,1189248,622,2045.2,1142.9,3891
L,1189306,1189580,276,2722.0,1253.3,3805
L,1189600,1189670,72,2883.3,1334.5,3775
L,1189812,1189944,134,2980.5,1452.6,3301
L,1189966,1190358,394,2672.3,1457.1,3261
L,1190382,1190760,380,3036.9,1482.1,3413
L,1190786,1190882,98,2471.6,1395.4,3591
L,1190926,1192512,1588,1901.6,1089.9,3808
L,1192562,1192828,268,2510.8,1305.3,3785
L,1192844,1193068,226,2612.3,1397.7,3796
L,1193248,1194562,1316,2776.5,1464.9,3426
L,1194612,1197026,2416,1899.1,1105.4,3866
L,1197072,1197286,216,1067.0,1028.9,3631
L,1197424,1198736,1314,1051.0,1037.8,3667
L,1199024,1200338,1316,1058.4,1063.6,3999
L,1200382,1201798,1418,1904.3,1095.9,3812
L,1201886,1202564,680,1894.3,1098.2,3939
L,1202608,1203492,886,1018.7,1086.7,3531
L,1203506,1203844,340,996.4,1213.6,3730
L,1203866,1204426,562,1063.2,1031.4,3879
L,1204468,1206588,2122,1920.8,1089.6,3788
L,1206644,1206816,174,2934.6,1143.0,3453
L,1206926,1207054,130,3015.9,1118.1,2878
L,1207182,1207418,238,3001.5,1252.2,2755
L,1207592,1207978,388,3015.4,1340.4,2950
L,1208000,1208850,852,2909.7,1509.4,3231
L,1208914,1211368,2456,1909.8,1114.8,3712
L,1211416,1211666,252,1019.4,1205.9,3416
L,1211684,1211766,84,998.6,1081.0,3268
L,1211864,1212146,284,994.5,1072.5,3300
L,1212160,1212926,768,1010.0,1115.9,3647
L,1212970,1214650,1682,1916.9,1105.5,3701
L,1214676,1214846,172,2403.8,1202.7,3730
L,1214874,1215132,260,2872.3,1248.3,3705
L,1215148,1215376,230,2939.5,1341.9,3513
L,1215400,1215828,430,2609.1,1388.2,3186
L,1215842,1216476,636,2716.8,1422.6,3386
L,1216528,1218896,2370,1884.1,1088.6,3705
L,1218942,1219142,202,994.2,1068.6,3842
L,1219158,1219266,110,879.1,1128.5,3479
L,1219424,1219602,180,803.1,1149.3,3356
L,1219616,1219728,114,929.5,1172.5,3459
L,1219928,1220018,92,879.9,1165.4,3704
L,1220244,1220480,238,805.8,1188.5,3753
L,1220494,1220874,382,702.8,1209.1,3744
L,1220892,1221116,226,864.1,1185.6,3704
L,1221130,1222130,1002,910.9,1176.6,3808
L,1222150,1222696,548,1088.3,1176.7,3949
L,1222714,1223080,368,1289.1,1166.7,3982
L,1223116,1225428,2314,1891.7,1102.7,3877
L,1225564,1225868,306,1082.6,1173.2,3558
L,1225886,1226978,1094,897.5,1188.0,3864
L,1227024,1227630,608,1848.7,1074.2,3834
L,1227654,1227834,182,2185.9,1118.0,3353
L,1227864,1228006,144,1738.3,1087.2,3391
L,1228054,1228236,184,1236.5,455.9,3339
L,1228254,1228398,146,1392.0,454.7,3465
L,1228440,1228706,268,1644.8,1063.0,3729
L,1228730,1228988,260,1970.2,1172.0,3655
L,1229216,1229316,102,1959.8,1086.1,3588
L,1229516,1229752,238,1431.0,457.0,3422
L,1229810,1230090,282,2069.9,1187.3,3427
L,1231060,1231234,176,1995.0,1120.9,3470
L,1231250,1231460,212,2016.2,1037.2,3420
L,1231478,1231658,182,2204.0,1087.7,3198
L,1231686,1231976,292,1800.1,998.9,3173
L,1231998,1232408,412,2022.1,1052.8,3230
L,1232424,1233564,1142,1912.2,1107.6,3507
L,1233678,1233902,226,1964.2,1131.5,3700
L,1233946,1234514,570,2498.4,1302.0,3655
L,1234534,1234820,288,2734.4,1401.3,3446
L,1234842,1235446,606,2543.3,1417.7,3226
L,1235466,1235736,272,2741.8,1458.4,3416
L,1235756,1235992,238,3029.6,1477.1,3454
L,1236044,1238114,2072,1913.5,1112.0,3788
L,1238158,1238394,238,1034.7,1098.4,3910
L,1238478,1240696,2220,1056.7,1056.7,3751
L,1240738,1243106,2370,1896.5,1085.0,3814
L,1243210,1243412,204,872.7,1138.5,3394
L,1243624,1245192,1570,920.3,1178.4,3756
L,1245244,1247502,2260,1896.2,1087.7,3876
L,1247558,1247730,174,870.0,1188.5,3706
L,1247996,1248204,210,785.3,1158.7,3515
L,1248216,1249790,1576,887.3,1174.6,3831
L,1249846,1251710,1866,1911.2,1098.8,3890
L,1251736,1251920,186,2263.1,1264.5,3856
L,1251944,1252188,246,2562.6,1358.1,3799
L,1252326,1252374,50,2522.0,1726.2,3334
L,1252542,1252836,296,2495.9,1423.8,3190
L,1252858,1253310,454,2719.8,1450.8,3183
L,1253324,1253888,566,2602.5,1420.7,3172
L,1253900,1254608,710,2660.1,1459.4,3483
L,1254634,1254876,244,2273.4,1361.5,3644
L,1254908,1256704,1798,1914.3,1085.9,3826
L,1256806,1257138,334,2065.1,1140.1,3946
L,1257174,1257354,182,2582.0,1351.1,3812
L,1257376,1257894,520,2933.0,1384.3,3256
L,1257912,1258082,172,3030.1,1470.1,3161
L,1258100,1259210,1112,2984.7,1325.1,3464
L,1259228,1259350,124,2973.6,1430.6,3655
L,1259372,1259542,172,2776.8,1636.6,3719
L,1259570,1259970,402,2970.4,1282.7,3704
L,1260176,1260498,324,2944.0,1174.7,3688
L,1260540,1260870,332,2611.8,1722.4,3618
L,1260902,1261100,200,2950.0,1229.2,3527
L,1261156,1261182,28,2143.3,1127.0,3686
L,1261196,1262932,1738,1904.9,1099.6,3689
L,1262988,1263312,326,2833.5,1070.2,3658
L,1263328,1263506,180,2945.0,1121.6,3566
L,1263528,1264022,496,2966.5,1343.8,3205
L,1264044,1265228,1186,2823.0,1548.5,3577
L,1265284,1265642,360,1967.5,1138.2,3831
L,1265736,1267616,1882,1912.6,1076.5,3891
L,1267656,1267932,278,1229.2,1015.2,4096
L,1267954,1268068,116,1022.2,1110.4,4116
L,1268208,1268836,630,916.5,1171.5,3653
L,1268856,1269060,206,715.4,1210.7,3856
L,1269236,1270140,906,734.2,1196.9,4082
L,1270272,1270392,122,734.7,1161.8,4080
L,1270410,1271058,650,912.9,1159.3,4084
L,1271112,1273088,1978,1906.6,1070.5,3886
L,1273146,1273442,298,929.5,1106.5,4110
L,1273458,1273486,30,780.0,1168.5,3922
L,1273666,1274180,516,790.0,1144.7,3718
L,1274194,1274548,356,910.8,1154.4,3921
L,1274594,1276572,1980,1909.0,1080.8,3822
L,1276604,1276760,158,2256.6,1339.6,3894
L,1276784,1276992,210,2545.4,1437.0,3733
L,1277014,1277834,822,2785.6,1458.3,3287
L,1277892,1278272,382,1870.5,1069.9,3660
L,1278414,1280206,1794,1936.9,1103.0,3777
L,1280242,1280506,266,1228.2,1121.5,4001
L,1280674,1280898,226,975.0,1184.8,3624
L,1280912,1281396,486,1114.4,1180.1,3482
L,1281416,1282022,608,899.9,1198.6,3692
L,1282042,1282516,476,1098.9,1162.4,3839
L,1282536,1282786,252,1342.4,1172.7,3910
L,1283116,1284058,944,1150.5,1163.8,3928
L,1284078,1284916,840,918.2,1173.6,3988
L,1284964,1286486,1524,1918.4,1088.5,3824
L,1286580,1287208,630,2021.7,1139.9,4000
L,1287256,1287566,312,2927.9,1155.3,3405
L,1287582,1288992,1412,2993.1,1305.1,3333
L,1289034,1289324,292,2052.2,1150.4,3753
L,1289342,1290602,1262,1911.6,1080.2,3822
L,1290762,1291602,842,1937.7,1094.6,3852
L,1291652,1291818,168,2769.4,1245.9,3590
L,1291840,1292794,956,3023.1,1330.4,3169
L,1292848,1295096,2250,1921.2,1096.1,3777
L,1295124,1295142,20,1574.1,1057.9,4042
L,1295158,1295334,178,1129.6,1095.4,4105
L,1295352,1295432,82,1003.2,1189.7,4124
L,1295590,1295732,144,1007.7,1234.9,3802
L,1295754,1296574,822,1057.8,1057.1,3818
L,1296592,1297090,500,1076.9,946.5,3923
L,1297292,1297930,640,1054.1,985.9,4070
L,1297976,1299638,1664,1922.9,1077.3,3858
L,1299664,1299932,270,2297.2,1239.2,3818
L,1299954,1300168,216,2574.0,1330.4,3771
L,1300194,1300270,78,2945.0,1411.4,3684
L,1300558,1300722,166,2784.4,1471.4,3095
L,1300734,1301028,296,2672.1,1459.2,3121
L,1301046,1301810,766,2490.0,1435.9,3395
L,1301838,1302010,174,2196.8,1266.9,3671
L,1302040,1302114,76,1865.9,1078.4,3714
L,1302134,1302290,158,2051.8,1152.6,3612
L,1302308,1303744,1438,1907.3,1091.7,3781
L,1303980,1304364,386,2787.0,1361.1,3749
L,1304386,1304794,410,2788.5,1571.1,3455
L,1304818,1305508,692,2959.2,1336.4,3290
L,1305698,1305724,28,2989.3,1564.5,3361
L,1305740,1306310,572,2982.3,1289.3,3504
L,1306330,1307192,864,2974.0,1119.0,3519
L,1307230,1307704,476,1946.8,1106.0,3792
L,1307872,1310356,2486,1919.5,1084.0,3864
L,1310402,1310668,268,1065.2,1067.1,3716
L,1310816,1311660,846,1084.3,1020.8,3371
L,1311678,1312722,1046,1077.7,1205.4,3835
L,1312766,1314572,1808,1928.2,1079.7,3822
L,1314594,1314764,172,2189.3,1130.2,3885
L,1314802,1315040,240,2839.8,1092.3,3747
L,1315060,1315300,242,2992.7,1204.8,3294
L,1315424,1316374,952,3002.7,1310.2,3295
L,1316394,1316706,314,3013.2,1455.0,3504
L,1316932,1317930,1000,2970.8,1322.3,3504
L,1317980,1320722,2744,1938.9,1095.0,3742
L,1320772,1321088,318,2652.5,1481.6,3416
L,1321352,1321566,216,3012.1,1405.4,3181
L,1321578,1322570,994,3014.3,1322.2,3179
L,1322592,1322792,202,2790.3,1468.2,3451
L,1322808,1322916,110,2930.8,1459.2,3506
L,1322938,1323232,296,2969.0,1294.7,3552
L,1323508,1323974,468,2964.5,1092.8,3529
L,1324018,1324348,332,1969.2,1103.1,3507
L,1367876,1369926,2052,1915.3,1119.6,3744
L,1369984,1370216,234,2793.2,1175.8,3625
L,1370234,1370416,184,2974.9,1221.6,3490
L,1371452,1371724,274,2823.0,1616.1,3443
L,1371750,1372868,1120,2934.2,1338.1,3420
L,1372912,1373018,108,1970.5,1165.1,3699
L,1373202,1373630,430,1881.6,1127.8,3717
L,1373660,1373782,124,1459.4,984.1,3708
L,1373814,1374060,248,2063.8,1100.9,3338
L,1374106,1374276,172,1379.8,548.8,3170
L,1374290,1374396,108,1506.5,523.6,3159
L,1374554,1374656,104,1594.5,1083.3,3347
L,1375614,1375826,214,1835.1,1071.9,3573
L,1375850,1376170,322,2132.8,1105.7,3414
L,1376202,1376402,202,1628.3,1078.2,3335
L,1376428,1377098,672,2034.0,1210.7,3371
L,1377112,1377348,238,2128.5,1111.3,3435
L,1377368,1378444,1078,1919.9,1080.2,3472
L,1378458,1381012,2556,1936.0,1110.9,3650
L,1381052,1381210,160,2549.8,1361.9,3599
L,1381230,1381396,168,2742.6,1450.1,3244
L,1381522,1382016,496,2672.0,1481.5,3171
L,1387814,1390184,2372,1879.7,1119.1,3694
L,1390224,1390352,130,1161.6,1146.8,3796
L,1390370,1390480,112,982.4,1213.8,3512
L,1390648,1390674,28,736.7,1292.6,3266
L,1390846,1391200,356,794.2,1245.4,3501
L,1391212,1391974,764,911.2,1213.9,3662
L,1391988,1392356,370,1024.8,1200.9,3763
L,1392398,1394248,1852,1865.1,1126.3,3668
L,1394292,1396044,1754,1035.9,1131.1,3609
L,1396058,1396282,226,1060.8,1241.1,3763
L,1396304,1396432,130,1071.7,1050.3,3765
L,1396612,1399972,3362,1905.9,1134.8,3649
L,1400016,1400156,142,2478.6,1359.7,3640
L,1400178,1400526,350,2768.0,1449.2,3154
L,1400546,1400758,214,3018.8,1467.5,2962
L,1400786,1401212,428,2461.7,1405.8,3140
L,1401242,1401654,414,3025.3,1466.6,3227
L,1401708,1403822,2116,1871.8,1117.9,3578
L,1403864,1405110,1248,1068.2,1120.7,3352
L,1405156,1407352,2198,1917.5,1140.0,3503
L,1407400,1407460,62,2661.2,1325.6,3512
L,1407482,1408338,858,2967.8,1341.1,2903
L,1408356,1408792,438,2877.4,1443.9,3193
L,1408846,1410746,1902,1908.7,1158.9,3565
L,1410788,1411032,246,2555.1,1295.2,3792
L,1411054,1411702,650,2913.7,1358.7,3585
L,1412990,1414210,1222,1909.6,1136.3,4014
L,1414256,1414646,392,1003.1,1076.3,4100
L,1414664,1415116,454,1153.9,1100.3,4132
L,1415136,1415282,148,914.8,1178.8,4073
L,1415366,1415562,198,1007.9,1238.8,3614
L,1415576,1416452,878,907.9,1232.4,3729
L,1416500,1417986,1488,1913.1,1119.5,3765
L,1418030,1418150,122,2460.5,1279.2,3722
L,1418182,1418432,252,2995.2,1407.8,3668
L,1418456,1418738,284,2652.4,1294.3,3715
L,1418758,1418986,230,2809.4,1337.2,3744
L,1419000,1419936,938,2745.1,1398.9,3413
L,1419984,1420576,594,1905.7,1143.9,3716
L,1420692,1422324,1634,1882.3,1122.5,3816
L,1422368,1423646,1280,926.4,1128.9,3785
L,1423668,1424000,334,1197.3,1153.0,3831
L,1424040,1425220,1182,1898.4,1114.8,3781
L,1425282,1426224,944,1900.0,1118.8,3859
L,1426276,1426558,284,2766.3,1396.6,3416
L,1426578,1426956,380,2988.0,1391.0,3100
L,1427128,1427292,166,1952.1,1154.7,3412
L,1427338,1428194,858,2902.4,1346.3,3418
L,1430480,1430688,210,2425.1,1046.9,3632
L,1430712,1430904,194,2918.8,1080.7,3488
L,1430944,1433178,2236,1914.3,1133.5,3670
L,1433218,1433398,182,1046.9,1098.0,3902
L,1433418,1433544,128,865.9,1182.1,3535
L,1433642,1433792,152,787.1,1225.5,3333
L,1433806,1434678,874,900.5,1194.3,3624
L,1434700,1435094,396,1179.6,1165.2,3813
L,1435130,1436192,1064,1890.5,1097.4,3728
L,1436238,1436392,156,2663.8,1424.8,3630
L,1436434,1437156,724,1942.0,1115.1,3773
L,1437212,1437618,408,2964.0,1320.3,3502
L,1437744,1438372,630,3021.1,1335.1,3043
L,1438394,1439134,742,2864.9,1514.6,3398
L,1439186,1439408,224,2067.2,1226.7,3684
L,1439458,1439666,210,2775.9,1513.4,3526
L,1439818,1440082,266,2777.5,1708.4,3578
L,1440096,1440494,400,2726.5,1789.3,3619
L,1440518,1440838,322,2885.1,1521.1,3583
L,1440896,1443098,2204,1899.6,1095.3,3754
L,1443136,1443246,112,1155.2,1058.5,3963
L,1443268,1443454,188,896.0,1159.8,3668
L,1443594,1444708,1116,840.0,1197.9,3607
L,1444728,1445034,308,1093.4,1176.6,3837
L,1445060,1445320,262,666.5,1217.0,3904
L,1445466,1445828,364,882.7,1185.5,3923
L,1445842,1446320,480,765.7,1179.3,3886
L,1446340,1446450,112,987.1,1142.5,3847
L,1446754,1447842,1090,906.3,1169.7,3739
L,1447864,1448228,366,672.5,1212.4,3806
L,1448288,1450116,1830,1901.2,1098.6,3671
L,1450168,1450512,346,994.2,1094.3,3932
L,1450530,1450706,178,1012.7,1237.3,3920
L,1450820,1451200,382,1005.6,1261.2,3521
L,1451220,1452314,1096,1057.7,1081.5,3734
L,1452500,1453226,728,1061.0,1042.1,3915
L,1453270,1455418,2150,1912.0,1113.8,3696
L,1455460,1455610,152,2497.6,1333.8,3691
L,1455634,1455828,196,2739.0,1420.6,3313
L,1455960,1456914,956,2747.8,1437.1,3306
L,1456960,1458064,1106,1911.1,1107.0,3715
L,1458112,1458512,402,863.8,1062.5,3891
L,1458648,1458816,170,1251.4,1072.3,3900
L,1458840,1460632,1794,903.9,1153.4,3674
L,1460652,1461378,728,703.9,1200.2,3888
L,1461438,1463240,1804,1924.0,1113.3,3745
L,1463290,1463600,312,2494.4,1412.2,3733
L,1463620,1463844,226,2630.6,1494.5,3595
L,1463862,1464422,562,2839.8,1561.1,3099
L,1464444,1464976,534,2961.3,1387.9,3290
L,1465152,1465660,510,2952.9,1330.5,3457
L,1465708,1467932,2226,1904.5,1118.3,3620
L,1467978,1468682,706,1028.5,1064.4,3327
L,1468780,1469692,914,1029.8,1093.5,3504
L,1469736,1471846,2112,1898.7,1111.6,3704
L,1471878,1471978,102,2402.3,1304.1,3743
L,1471996,1472306,312,2597.5,1378.9,3262
L,1472320,1472554,236,2708.2,1426.0,3032
L,1472574,1472796,224,2516.9,1432.7,3157
L,1472814,1473878,1066,2672.7,1454.2,3397
L,1473906,1474318,414,2248.0,1384.7,3588
L,1474358,1474452,96,1666.6,1057.4,3688
L,1474470,1474602,134,1538.4,955.9,3456
L,1474630,1474804,176,1987.5,1031.7,3135
L,1474842,1475132,292,1633.9,535.7,3010
L,1475264,1475376,114,1679.2,1079.4,3176
L,1475602,1475686,86,2113.8,1265.9,3297
L,1475718,1475926,210,1634.0,1085.7,3383
L,1477918,1478072,156,1851.5,1059.9,3563
L,1478098,1478428,332,2199.3,1107.1,3286
L,1478466,1478668,204,1588.0,1061.6,3053
L,1478694,1478898,206,1914.8,1163.4,3064
L,1478922,1479092,172,2144.4,1263.2,3179
L,1479136,1479294,160,1715.1,706.0,3216
L,1479322,1479460,140,1797.8,429.6,3088
L,1479644,1479848,206,1883.9,1119.4,3136
L,1479870,1480200,332,2135.3,1255.2,3232
L,1480224,1480412,190,2018.6,1075.1,3233
L,1480442,1480948,508,2351.9,1101.9,3196
L,1480974,1483168,2196,1908.7,1142.1,3576
L,1483216,1483436,222,957.7,1184.3,3645
L,1483454,1484002,550,1029.3,1098.3,3069
L,1484110,1484744,636,1004.0,1146.3,3349
L,1484792,1487800,3010,1923.9,1137.9,3506
L,1487854,1489770,1918,2735.1,1466.0,3200
L,1489822,1491896,2076,1926.8,1143.6,3619
L,1491946,1492132,188,1026.1,1145.4,3767
L,1492148,1492834,688,870.8,1198.7,3282
L,1492882,1495010,2130,1924.5,1136.0,3601
L,1495038,1495168,132,2252.3,1320.0,3654
L,1495190,1495544,356,2649.9,1372.3,3151
L,1495568,1495984,418,2996.4,1413.1,2919
L,1496004,1496314,312,2774.1,1417.0,2969
L,1496498,1496782,286,2970.6,1410.9,2998
L,1496818,1497040,224,2284.5,1397.0,3163
L,1497076,1497584,510,3044.2,1470.9,3085
L,1497620,1498030,412,2261.6,1379.3,3405
L,1498058,1500762,2706,1926.2,1149.7,3586
L,1500810,1501216,408,2700.7,1385.2,2799
L,1501322,1501756,436,2225.3,1352.3,3016
L,1501784,1501830,48,2723.2,1415.7,3152
L,1501852,1502142,292,3043.5,1476.1,3205
L,1502176,1502352,178,2269.8,1423.8,3355
L,1502384,1504484,2102,1923.0,1146.1,3592
L,1504534,1504824,292,1040.8,1171.6,3445
L,1504842,1506824,1984,913.9,1221.5,3473
L,1506876,1509050,2176,1939.3,1157.5,3563
L,1509102,1509378,278,926.6,1205.2,3395
L,1509504,1510076,574,807.3,1254.4,3071
L,1510092,1510704,614,690.2,1253.4,3343
L,1510722,1510998,278,537.5,1296.8,3544
L,1511018,1511226,210,732.1,1244.1,3613
L,1511240,1512244,1006,676.9,1254.1,3679
L,1512298,1514534,2238,1908.0,1137.7,3551
L,1514578,1515718,1142,1033.7,1109.2,3173
L,1515838,1516556,720,1059.2,1159.8,3541
L,1516600,1519296,2698,1915.7,1144.6,3433
L,1519346,1520878,1534,1027.3,1107.6,3222
L,1520922,1523102,2182,1915.4,1152.9,3464
L,1523128,1523272,146,1556.5,1108.3,3538
L,1523292,1523526,236,1344.2,1162.6,3142
L,1523550,1524160,612,994.9,1229.1,3218
L,1524282,1524564,284,870.1,1258.2,3554
L,1524582,1525158,578,738.2,1277.1,3696
L,1525210,1527326,2118,1902.7,1143.4,3564
L,1527370,1527798,430,1081.9,1305.4,3322
L,1527818,1528264,448,1015.3,1131.2,3065
L,1528388,1528902,516,1084.9,1150.0,3289
L,1528920,1529324,406,1078.8,1064.1,3341
L,1529368,1532012,2646,1914.0,1156.6,3446
L,1532058,1532888,832,2537.1,1377.3,2872
L,1532908,1533616,710,2266.7,1442.5,3362
L,1533632,1534800,1170,2498.5,1411.5,3372
L,1534842,1537128,2288,1922.8,1157.9,3496
L,1537184,1537406,224,2674.5,1579.0,3239
L,1537606,1537876,272,2983.7,1446.5,2740
L,1537892,1538610,720,2985.6,1345.1,2865
L,1538628,1539316,690,2939.9,1233.4,3065
L,1539330,1539764,436,2932.6,1157.1,3145
L,1539804,1542460,2658,1933.8,1167.6,3541
L,1542498,1542754,258,2349.4,1400.4,2895
L,1542770,1544708,1940,2538.2,1436.7,3173
L,1544750,1546832,2084,1901.3,1152.7,3507
L,1546878,1547022,146,972.4,1349.6,3692
L,1547120,1547218,100,1035.5,1358.5,3133
L,1547390,1547968,580,1009.0,1238.4,3199
L,1547984,1548964,982,1052.9,1132.7,3395
L,1548982,1549626,646,1075.8,1036.8,3547
L,1549670,1551850,2182,1918.6,1158.0,3437
L,1551906,1552114,210,2966.8,1304.7,3202
L,1552132,1552298,168,2959.7,1175.6,2803
L,1552326,1552592,268,3033.3,1474.0,2669
L,1552614,1552876,264,2857.9,1583.6,2839
L,1552902,1553304,404,2973.4,1344.4,3128
L,1553328,1553938,612,2937.3,1570.7,3331
L,1554108,1554188,82,2755.0,1453.5,3369
L,1554208,1554398,192,2970.9,1367.9,3287
L,1558442,1558696,256,2300.1,1138.1,3467
L,1558726,1560472,1748,1916.9,1147.3,3525
L,1560514,1560992,480,1166.1,1075.4,3733
L,1561012,1561460,450,925.6,1178.8,3422
L,1561608,1561792,186,1017.1,1204.6,3171
L,1561806,1562622,818,903.6,1202.9,3456
L,1562642,1563402,762,1115.7,1175.1,3658
L,1563448,1564584,1138,1924.8,1116.7,3566
L,1564630,1565012,384,1168.8,1067.5,3663
L,1565052,1565628,578,1865.8,1097.1,3660
L,1565668,1565854,188,1083.0,1125.7,3714
L,1565872,1566154,284,879.5,1176.9,3293
L,1566308,1566944,638,967.6,1226.0,3464
L,1566964,1568184,1222,1106.6,1198.8,3648
L,1568230,1569832,1604,1924.9,1131.5,3567
L,1569884,1570860,978,1043.7,1138.4,3601
L,1570958,1571912,956,877.6,1190.3,3463
L,1571956,1572290,336,1809.9,1095.7,3588
L,1572304,1573928,1626,1899.8,1126.6,3644
L,1573970,1574200,232,1140.9,1099.6,3817
L,1574216,1574358,144,1015.6,1174.5,3563
L,1574438,1575500,1064,837.0,1212.0,3410
L,1575550,1575922,374,1885.4,1137.9,3536
L,1575942,1576072,132,1790.3,1027.8,3298
L,1576096,1576250,156,2129.0,1074.3,2964
L,1576290,1576528,240,1853.5,552.2,2788
L,1576572,1576650,80,1702.5,1053.0,2964
L,1576812,1576880,70,1693.4,1119.3,3081
L,1579130,1579372,244,1728.7,1002.2,3702
L,1579396,1579744,350,2100.0,1091.4,3538
L,1579776,1579962,188,1650.0,1089.5,3551
L,1579990,1580208,220,2085.3,1240.9,3507
L,1580234,1580498,266,1682.3,1109.9,3525
L,1644368,1644570,204,1885.3,1090.8,3909
L,1644594,1644894,302,2170.9,1173.3,3590
L,1644912,1645070,160,1975.5,1207.8,3575
L,1646040,1646354,316,1802.6,1039.6,3849
L,1646374,1648132,1760,1918.4,1141.5,3874
L,1648174,1648602,430,1065.6,1104.9,4131
L,1648620,1649922,1304,919.4,1193.9,3934
L,1649974,1650198,226,2009.7,1193.0,3938
L,1650212,1652244,2034,1919.0,1138.7,3984
L,1652292,1652398,108,2493.5,1301.5,3899
L,1652424,1653596,1174,2959.1,1357.8,3483
L,1653644,1655232,1590,1917.8,1144.0,3871
L,1655268,1655758,492,1276.4,1087.5,4060
L,1655778,1655992,216,1061.3,1142.8,3967
L,1656006,1656292,288,949.6,1185.6,3553
L,1656308,1657108,802,1112.3,1172.4,3637
L,1657152,1659210,2060,1888.1,1129.3,3825
L,1659256,1659470,216,1027.9,1149.6,3962
L,1659484,1660742,1260,924.2,1186.2,3708
L,1660756,1661312,558,762.9,1222.4,4043
L,1661368,1663096,1730,1904.1,1136.8,3826
L,1663146,1663508,364,1001.0,1198.8,4045
L,1663524,1664712,1190,1040.5,1152.3,3617
L,1664734,1664970,238,1094.3,1010.7,3846
L,1665016,1667414,2400,1929.6,1144.9,3874
L,1667442,1667616,176,2248.8,1372.9,3824
L,1667654,1667822,170,2897.9,1432.1,3337
L,1667842,1668710,870,2725.3,1476.4,3291
L,1668756,1670924,2170,1912.4,1144.2,3827
L,1670976,1671034,60,2669.8,1441.1,3564
L,1671050,1672880,1832,2952.1,1393.6,3268
L,1672902,1673424,524,2931.7,1257.0,3614
L,1673440,1674190,752,2922.2,1132.2,3550
L,1674236,1676064,1830,1905.0,1139.1,3807
L,1676108,1676488,382,1058.7,1067.6,3995
L,1676672,1676928,258,976.8,1113.5,3372
L,1677186,1678556,1372,1056.9,1113.4,3673
L,1678598,1680264,1668,1899.2,1131.3,3785
L,1680312,1681062,752,1129.0,1116.6,3887
L,1681242,1681414,174,1091.0,1206.5,3454
L,1681436,1682364,930,845.4,1229.5,3730
L,1682384,1682616,234,723.4,1241.7,3883
L,1682940,1682964,26,679.5,1273.6,3860
L,1683962,1686290,2330,1885.7,1152.4,3815
L,1686330,1686560,232,1103.3,1137.9,4016
L,1686580,1686844,266,910.4,1226.3,3710
L,1687004,1687440,438,970.9,1223.7,3899
L,1687458,1688024,568,1129.4,1221.5,4021
L,1688070,1690804,2736,1928.2,1171.0,3940
L,1690852,1690930,80,2676.2,1264.3,3555
L,1690952,1691346,396,2952.1,1285.8,3180
L,1691360,1691706,348,2981.8,1440.6,3092
L,1691728,1692444,718,2894.8,1610.9,3467
L,1692672,1692878,208,2697.5,1822.0,3668
L,1692894,1693388,496,2607.8,1860.1,3679
L,1693412,1693678,268,2835.2,1622.8,3623
L,1693738,1695720,1984,1913.6,1174.9,3662
L,1695778,1696232,456,2853.4,1339.8,3705
L,1696254,1696436,184,2615.4,1421.6,3613
L,1696454,1697100,648,2521.1,1493.6,3297
L,1697122,1697706,586,2743.3,1516.7,3480
L,1697760,1700362,2604,1896.3,1173.3,3764
L,1700414,1700782,370,1033.7,1223.0,3515
L,1700796,1700924,130,1043.0,1130.7,3165
L,1701040,1702822,1784,1068.1,1124.3,3571
L,1702868,1704994,2128,1930.3,1184.6,3692
L,1705042,1705252,212,2803.9,1326.4,3589
L,1705272,1706046,776,2951.7,1184.9,2993
L,1706092,1707730,1640,1923.9,1167.7,3561
L,1707780,1708678,900,993.8,1268.7,3696
L,1708698,1709428,732,1034.9,1142.2,3398
L,1709476,1710902,1428,1921.5,1174.8,3629
L,1710922,1711288,368,2075.4,1262.8,3747
L,1711310,1711550,242,2510.2,1434.4,3661
L,1711572,1711802,232,2755.9,1582.1,3476
L,1711824,1712752,930,2963.5,1384.7,3059
L,1712770,1712934,166,2931.0,1244.2,3284
L,1713170,1713282,114,1905.2,1187.9,3560
L,1713336,1714014,680,2898.9,1385.0,3403
L,1714062,1714288,228,1956.3,1211.7,3543
L,1714338,1715036,700,2818.6,1373.8,3394
L,1715080,1715256,178,2007.9,1246.5,3499
L,1715276,1717032,1758,1893.5,1163.2,3666
L,1717078,1717452,376,1130.6,1109.2,3912
L,1717464,1717616,154,1042.8,1146.0,3869
L,1717784,1719356,1574,1041.2,1152.8,3497
L,1719376,1719562,188,1038.6,1263.6,3828
L,1719606,1721558,1954,1897.5,1143.7,3648
L,1721608,1721774,168,2659.4,1222.8,3622
L,1721794,1722580,788,2939.7,1232.8,3030
L,1722622,1724386,1766,1914.8,1162.4,3583
L,1724438,1724974,538,1021.9,1309.9,3827
L,1725148,1726870,1724,1062.8,1145.6,3297
L,1726920,1729112,2194,1912.8,1156.2,3628
L,1729154,1729454,302,1124.8,1164.8,3333
L,1729482,1729638,158,744.8,1243.1,3031
L,1729844,1730032,190,746.6,1216.9,3106
L,1730226,1730514,290,952.7,1222.3,3354
L,1730542,1730682,142,1364.5,1197.3,3378
L,1730716,1732624,1910,1896.2,1146.9,3284
L,1732650,1732790,142,1535.2,1122.0,3547
L,1732816,1733068,254,1173.5,1195.8,3631
L,1733094,1733614,522,779.5,1273.1,3585
L,1733628,1733828,202,893.2,1251.2,3695
L,1733846,1734428,584,727.6,1279.9,3776
L,1734446,1735594,1150,921.0,1238.2,3813
L,1735620,1735952,334,617.1,1279.8,3811
L,1736008,1736156,150,1861.0,1142.8,3684
L,1736178,1736278,102,1657.0,1031.9,3403
L,1736310,1736448,140,2178.4,1124.5,3049
L,1736492,1736696,206,1944.8,454.6,2840
L,1736710,1736822,114,2072.7,385.8,2817
L,1737002,1737104,104,1754.4,1121.3,3111
L,1737124,1737274,152,1541.4,1109.8,3236
L,1737304,1737502,200,1989.4,1211.7,3261
L,1740038,1740238,202,1972.2,1294.7,3620
L,1740258,1740384,128,1826.0,1226.1,3548
L,1740412,1740574,164,1413.2,1147.4,3316
L,1746150,1746302,154,1984.3,1144.4,3465
L,1746334,1746498,166,1465.0,1068.1,3482
L,1746552,1746678,128,2058.7,747.1,3071
L,1746708,1746952,246,2052.5,345.9,2881
L,1747010,1747138,130,1736.7,1319.5,2988
L,1747158,1749632,2476,1906.0,1193.1,3468
L,1749674,1749850,178,2491.1,1382.0,3643
L,1749876,1750746,872,2892.5,1492.9,3161
L,1750794,1753018,2226,1900.9,1196.3,3624
L,1753062,1753290,230,2458.7,1357.1,3635
L,1753316,1754532,1218,2920.1,1392.3,3165
L,1754586,1754974,390,1925.1,1205.2,3558
L,1755156,1757660,2506,1935.4,1193.7,3654
L,1757700,1757912,214,2497.7,1389.3,3502
L,1757930,1758408,480,2691.0,1489.2,3028
L,1758428,1759228,802,2495.6,1522.0,3278
L,1759268,1760530,1264,1921.3,1189.3,3586
L,1760726,1760958,234,2074.4,1250.1,3610
L,1760992,1761134,144,2508.1,1373.8,3509
L,1761156,1761702,548,2696.9,1492.5,3396
L,1761728,1762568,842,2348.3,1497.6,3081
L,1762606,1764776,2172,1895.1,1184.0,3567
L,1764826,1765048,224,1005.4,1191.2,3477
L,1765162,1765766,606,1054.7,1122.6,3070
L,1765780,1766380,602,1054.1,1253.7,3487
L,1766420,1766662,244,1849.3,1153.2,3598
L,1766676,1769630,2956,1909.9,1197.0,3650
L,1769666,1769896,232,1268.1,1111.8,3890
L,1769916,1770878,964,1053.1,1194.9,3474
L,1770928,1773654,2728,1901.4,1194.9,3673
L,1773700,1774068,370,1064.0,1171.2,3911
L,1774132,1774264,134,904.1,1327.9,3686
L,1774402,1775020,620,812.5,1289.6,3291
L,1775036,1775340,306,990.7,1255.7,3532
L,1775384,1776574,1192,1879.3,1157.9,3454
L,1776618,1776868,252,1101.2,1114.9,3655
L,1776886,1777502,618,981.3,1182.2,3746
L,1777518,1777624,108,919.6,1245.3,3765
L,1777736,1779030,1296,955.4,1285.5,3265
L,1779044,1779546,504,1052.5,1273.7,3462
L,1779558,1780092,536,1156.9,1257.6,3615
L,1780132,1782048,1918,1899.5,1191.1,3518
L,1782092,1782456,366,1077.2,1167.6,3738
L,1782636,1783134,500,1071.7,1211.7,3169
L,1783148,1783344,198,1077.7,1293.9,3342
L,1783358,1783674,318,1039.4,1366.5,3459
L,1783696,1784344,650,1074.4,1183.2,3575
L,1784358,1784742,386,1093.5,1110.4,3632
L,1784786,1787402,2618,1889.6,1190.1,3654
L,1787448,1787920,474,999.8,1193.0,3552
L,1787936,1788374,440,1120.7,1247.0,3299
L,1788396,1788882,488,834.1,1286.5,3645
L,1788898,1789332,436,998.0,1252.1,3803
L,1789382,1791560,2180,1890.1,1176.5,3693
L,1791616,1792164,550,2893.0,1262.5,2953
L,1792182,1792872,692,2898.2,1347.7,2865
L,1792920,1794910,1992,1879.0,1165.6,3502
L,1794956,1795210,256,1051.0,1144.0,3642
L,1795312,1796308,998,1095.4,1146.7,3208
L,1796324,1796528,206,1031.6,1238.0,3528
L,1796548,1797772,1226,1069.5,1144.7,3634
L,1797816,1800448,2634,1897.8,1181.5,3611
L,1800492,1800768,278,1105.3,1198.8,3609
L,1800882,1801572,692,932.7,1281.9,3277
L,1801730,1802782,1054,918.2,1297.8,3558
L,1802800,1803006,208,745.3,1305.2,3639
L,1803030,1803242,214,1026.7,1268.8,3687
L,1803256,1804370,1116,906.8,1287.8,3739
L,1804384,1804758,376,1039.8,1258.4,3780
L,1804806,1806740,1936,1920.5,1185.2,3523
L,1806754,1807854,1102,1879.5,1176.7,3589
L,1807878,1808008,132,1590.4,1112.8,3069
L,1808056,1808164,110,811.0,1259.5,3052
L,1808184,1808332,150,1036.9,1226.7,3047
L,1808348,1808788,442,920.3,1243.8,3140
L,1808916,1809772,858,871.9,1267.7,3549
L,1809822,1812450,2630,1889.9,1172.3,3563
L,1812504,1813104,602,960.3,1265.1,3304
L,1813338,1813672,336,1049.7,1277.6,3638
L,1813688,1814226,540,933.3,1299.8,3662
L,1814274,1816028,1756,1897.0,1180.1,3544
L,1816096,1816692,598,2872.3,1372.4,3410
L,1816716,1817398,684,2874.4,1517.3,2966
L,1817430,1818174,746,2896.4,1206.3,3213
L,1818216,1820454,2240,1853.6,1167.8,3684
L,1820498,1820768,272,1166.0,1212.2,3411
L,1820942,1821068,128,895.4,1286.3,3087
L,1821468,1821500,34,1071.4,1314.8,3238
L,1821730,1821774,46,1245.7,1320.7,3307
L,1822014,1822394,382,1127.8,1233.9,3402
L,1822414,1823108,696,923.0,1283.4,3396
L,1823128,1823650,524,1133.1,1256.4,3492
L,1823670,1824068,400,921.6,1275.5,3617
L,1824090,1824252,164,708.9,1289.1,3705
L,1824274,1824582,310,1007.3,1246.4,3718
L,1824596,1825112,518,1150.6,1252.6,3735
L,1825154,1827204,2052,1906.7,1179.4,3580
L,1827244,1827342,100,2460.0,1377.7,3572
L,1827370,1827578,210,2895.3,1505.5,3121
L,1827762,1828154,394,2692.5,1502.2,2890
L,1828456,1828500,46,2623.4,1592.2,3067
L,1828748,1828970,224,2558.6,1513.2,3134
L,1828984,1829810,828,2442.6,1520.5,3187
L,1829852,1832842,2992,1900.0,1187.0,3637
L,1832892,1833112,222,986.6,1331.3,3714
L,1833292,1833536,246,985.4,1198.5,3068
L,1833550,1833962,414,1054.7,1105.3,3127
L,1833990,1834528,540,1060.1,1305.7,3452
L,1834550,1835068,520,1092.2,1069.7,3616
L,1835116,1837762,2648,1910.2,1197.3,3601
L,1837798,1838242,446,1325.9,1135.3,3667
L,1838340,1838738,400,886.0,1225.5,3853
L,1838756,1839164,410,1033.9,1268.5,3576
L,1839332,1839940,610,1086.4,1300.3,3389
L,1839956,1840266,312,1044.2,1178.9,3535
L,1840278,1840766,490,1040.7,1253.7,3659
L,1840814,1841410,598,1924.6,1195.6,3555
L,1841428,1841712,286,1873.8,1093.7,3077
L,1841758,1841958,202,2299.3,498.7,2721
L,1841972,1842302,332,2198.5,469.7,2697
L,1842350,1842468,120,1766.6,1117.6,2930
L,1842640,1842734,96,1826.8,1214.2,3054
L,1842872,1843066,196,2315.6,470.8,2924
L,1843086,1843492,408,2188.7,336.6,2765
L,1843652,1843736,86,1740.7,1081.9,2826
L,1843918,1844086,170,2166.0,1160.5,2915
L,1844112,1844342,232,1785.4,1159.0,3009
L,1844368,1844624,258,2149.4,1290.4,2929
L,1844656,1844848,194,1807.0,1088.4,3074
L,1844872,1845106,236,2148.1,1124.8,3056
L,1845132,1845422,292,1793.6,1144.3,3091
L,1845446,1845646,202,2044.4,1287.2,3174
L,1845670,1847390,1722,1915.9,1156.0,3261
L,1847440,1847802,364,964.7,1189.5,3633
L,1847818,1848012,196,1092.4,1175.5,3571
L,1848086,1848802,718,1005.8,1249.3,3159
L,1848848,1850988,2142,1904.9,1172.2,3477
L,1851038,1851406,370,2469.3,1365.1,3519
L,1851428,1851534,108,2690.4,1408.4,3330
L,1851676,1851836,162,2821.1,1460.7,2875
L,1851852,1852092,242,2680.0,1496.9,2868
L,1852104,1853534,1432,2756.7,1511.6,3152
L,1853582,1856374,2794,1903.3,1179.6,3584
L,1856422,1856684,264,1047.7,1143.1,3780
L,1856790,1857058,270,936.5,1223.6,3353
L,1857074,1857666,594,1102.8,1226.7,3252
L,1857710,1859426,1718,1894.5,1160.1,3498
L,1859478,1859860,384,2460.2,1358.7,3542
L,1859878,1860822,946,2661.5,1434.2,3100
L,1860870,1863310,2442,1928.7,1179.3,3536
L,1863358,1863596,240,1048.2,1188.9,3440
L,1863716,1865646,1932,1078.1,1151.0,3316
L,1865690,1868112,2424,1930.9,1183.6,3520
L,1868142,1868248,108,2288.0,1386.8,2909
L,1868266,1868464,200,2522.9,1410.9,2762
L,1868526,1868766,242,2996.4,1488.6,2623
L,1868786,1869726,942,2756.5,1491.7,2929
L,1869778,1871574,1798,1910.6,1164.3,3531
L,1871600,1871702,104,2234.2,1335.2,3619
L,1871724,1871984,262,2528.7,1410.6,3595
L,1872002,1872828,828,2728.6,1466.9,3099
L,1872876,1874514,1640,1918.8,1184.5,3413
L,1874560,1876076,1518,1050.5,1204.1,3355
L,1876120,1877868,1750,1920.1,1156.6,3436
L,1877914,1878396,484,1055.4,1171.4,3703
L,1878410,1879576,1168,986.3,1249.9,3391
L,1879622,1881364,1744,1913.3,1189.1,3493
L,1881414,1881776,364,2730.1,1418.6,3428
L,1881798,1882116,320,2939.9,1548.0,3094
L,1882140,1882600,462,2955.2,1280.2,2762
L,1882618,1883456,840,2933.0,1145.8,2986
L,1883500,1885150,1652,1910.6,1171.5,3585
L,1885168,1885598,432,2037.5,1211.4,3654
L,1885632,1885782,152,2609.2,1354.8,3531
L,1885802,1885928,128,2783.9,1443.0,3308
L,1886106,1887092,988,2746.5,1477.8,3009
L,1887112,1887400,290,2949.4,1495.9,3255
L,1887452,1890566,3116,1901.2,1187.8,3657
L,1890734,1890948,216,2960.5,1531.3,2952
L,1890972,1891430,460,2946.7,1268.0,2706
L,1891454,1891838,386,2947.5,1484.1,2933
L,1891886,1893686,1802,1914.5,1166.6,3477
L,1893698,1894272,576,1999.7,1193.6,3598
L,1894324,1894622,300,2699.0,1387.6,3508
L,1894826,1895106,282,2672.3,1468.3,2914
L,1895124,1895506,384,2508.5,1479.4,2919
L,1895524,1895988,466,2713.3,1508.7,3029
L,1896008,1896552,546,2516.9,1495.0,3233
L,1896600,1898726,2128,1905.2,1174.0,3500
L,1898780,1899570,792,2926.1,1307.2,2930
L,1899590,1900124,536,2959.1,1460.4,2908
L,1900174,1902406,2234,1925.5,1171.6,3450
L,1902448,1902754,308,2611.9,1353.7,3523
L,1902776,1902914,140,2919.7,1388.3,3398
L,1902966,1902986,22,2767.5,2693.2,1987
L,1903062,1903832,772,2971.2,1406.6,2829
L,1903856,1904108,254,2930.6,1163.0,2784
L,1904150,1904230,82,2043.5,1159.4,2898
L,1904246,1906452,2208,1922.7,1167.9,3303
L,1906502,1906832,332,965.1,1166.0,3359
L,1906974,1907250,278,988.3,1215.0,2811
L,1907430,1908004,576,1073.7,1225.0,3156
L,1908020,1908644,626,915.5,1274.8,3391
L,1908692,1911798,3108,1924.7,1187.3,3483
L,1911848,1912064,218,2776.7,1288.0,3287
L,1912082,1912880,800,2970.6,1359.0,2763
L,1913014,1914924,1912,2941.2,1377.6,3319
L,1914974,1917068,2096,1918.4,1187.8,3543
L,1917196,1917700,506,2665.0,1368.4,3491
L,1917718,1919078,1362,2511.2,1427.9,3067
L,1919120,1920482,1364,1918.2,1185.5,3441
L,1920536,1921486,952,1032.6,1191.3,3639
L,1921498,1922376,880,1028.2,1196.7,3256
L,1922422,1924764,2344,1910.2,1174.6,3538
L,1924812,1925058,248,2558.1,1328.7,3524
L,1925082,1925878,798,2939.7,1377.7,3047
L,1925924,1926234,312,1987.3,1215.0,3252
L,1926264,1926396,134,1543.5,1047.4,3293
L,1926426,1926586,162,2030.2,1115.1,2945
L,1926654,1926794,142,2407.8,416.8,2599
L,1926974,1927070,98,1642.0,1060.6,2715
L,1927218,1927358,142,2023.5,1157.3,2810
L,1927572,1927940,370,2429.9,403.0,2682
L,1928286,1928316,32,2148.9,1563.1,2133
L,1928346,1928424,80,2029.6,1249.4,2669
L,1929652,1929880,230,2078.6,1141.7,3139
L,1929894,1930288,396,2234.1,1104.8,2923
L,1930316,1930562,248,1872.2,1121.2,2830
L,1930586,1930820,236,2193.5,1244.4,2923
L,1930882,1931194,314,2400.9,451.7,2996
L,1931236,1931428,194,1895.7,1098.1,3081
L,1931446,1931694,250,2142.9,1143.9,2913
L,1931714,1933144,1432,1930.0,1126.3,3198
L,1933174,1933406,234,2385.9,1299.4,3319
L,1933434,1934826,1394,2756.7,1402.5,3159
L,1934876,1935218,344,1940.3,1193.3,3423
L,1935322,1937054,1734,1915.9,1145.9,3494
L,1937098,1938392,1296,1062.1,1124.8,3390
L,1938436,1940408,1974,1914.6,1132.2,3484
L,1940448,1940928,482,1124.1,1122.9,3755
L,1940950,1941052,104,935.2,1181.4,3769
L,1941176,1941898,724,893.0,1226.3,3287
L,1941918,1942112,196,1160.0,1213.1,3508
L,1942134,1942870,738,941.5,1212.3,3582
L,1942922,1944470,1550,1923.7,1138.4,3465
L,1944518,1945214,698,2496.6,1326.0,3499
L,1945362,1945492,132,2412.8,1432.6,3050
L,1945524,1946352,830,2806.1,1487.2,3046
L,1946378,1946610,234,2390.3,1499.8,3323
L,1946622,1946858,238,2472.8,1502.3,3438
L,1946880,1947296,418,2252.8,1454.6,3569
L,1947330,1949938,2610,1908.7,1148.3,3703
L,1949980,1950408,430,1097.8,1141.3,3437
L,1950436,1950646,212,1609.1,1080.3,3566
L,1950676,1950794,120,1041.4,1115.3,3664
L,1950948,1951108,162,1118.5,1121.5,3747
L,1951292,1951398,108,1975.8,1106.0,3691
L,1951412,1954770,3360,1912.8,1145.2,3783
L,1954814,1955052,240,2457.7,1367.5,3811
L,1955070,1955264,196,2565.7,1451.5,3631
L,1955370,1956338,970,2488.8,1495.0,3368
L,1956384,1958528,2146,1908.4,1135.6,3722
L,1958582,1958838,258,2718.4,1449.0,3405
L,1959028,1959236,210,2995.5,1351.1,2791
L,1959434,1960452,1020,2972.0,1350.9,2939
L,1960490,1960518,30,2257.4,1295.0,3276
L,1960538,1962754,2218,1914.9,1138.5,3493
L,1962800,1962970,172,1011.7,1098.3,3301
L,1963156,1964552,1398,1046.1,1095.3,3260
L,1964598,1966754,2158,1898.6,1122.5,3568
L,1966800,1966938,140,1028.2,1149.5,3674
L,1967148,1967502,356,871.5,1199.6,3069
L,1967514,1968280,768,813.5,1229.9,3445
L,1968332,1970154,1824,1904.9,1124.7,3520
L,1970198,1970580,384,1050.3,1144.3,3771
L,1970750,1971766,1018,1021.1,1160.4,3297
L,1971810,1973908,2100,1919.8,1135.9,3559
L,1973964,1974398,436,2905.4,1266.9,3124
L,1974590,1976514,1926,2969.2,1316.9,2910
L,1976558,1978528,1972,1926.4,1149.3,3507
L,1978576,1978766,192,2598.3,1300.7,3553
L,1978788,1979890,1104,2977.1,1335.9,3069
L,1979938,1980324,388,2013.6,1188.6,3397
L,1980338,1981730,1394,1921.5,1155.8,3597
L,1981750,1981804,56,2033.6,1429.9,3329
L,1981822,1982298,478,1935.9,1163.7,3602
L,1982348,1982782,436,1068.7,1154.6,3726
L,1982942,1983858,918,1052.3,1133.2,3024
L,1984160,1985170,1012,1094.2,1025.0,3466
L,1985216,1987086,1872,1929.3,1135.6,3457
L,1987134,1987358,226,2524.5,1383.6,3535
L,1987382,1987550,170,2911.9,1428.5,3450
L,1987586,1987608,24,2803.2,2213.6,2743
L,1987662,1988412,752,3007.7,1390.1,2914
L,1988436,1989426,992,2943.6,1189.0,2984
L,1989466,1991432,1968,1937.5,1140.3,3346
L,1991666,1991702,38,1042.2,1844.9,3030
L,1991720,1991748,30,1131.1,1481.7,3321
L,1991994,1992050,58,953.8,1724.0,2846
L,1992066,1993064,1000,1053.0,1153.4,2928
L,1993106,1994684,1580,1961.5,1123.2,2733
L,1994730,1995006,278,1070.4,1157.2,3238
L,1995022,1995258,238,931.0,1198.0,3346
L,1995414,1996370,958,878.6,1242.2,2905
L,1996418,1998138,1722,1935.3,1167.8,3103
L,1998170,1998478,310,2418.1,1317.1,3347
L,1998492,1998678,188,2518.5,1381.4,3277
L,1998780,1999332,554,2937.9,1390.2,2703
L,1999388,2001010,1624,1934.5,1136.8,2952
L,2001070,2001566,498,935.3,1214.3,3445
L,2001750,2004110,2362,1052.3,1126.1,3280
L,2004154,2005732,1580,1939.8,1159.5,3404
L,2005782,2006298,518,2590.7,1386.4,3375
L,2006378,2006400,24,2548.6,3240.8,1374
L,2006548,2007412,866,2581.3,1473.4,2877
L,2007452,2009132,1682,1933.5,1158.4,3338
L,2009182,2009370,190,2617.1,1364.1,3385
L,2009392,2009800,410,2860.8,1422.5,3368
L,2009818,2009952,136,2977.8,1515.2,2955
L,2009970,2010180,212,2823.8,1576.7,2835
L,2010204,2010678,476,2980.6,1374.3,2942
L,2010702,2011104,404,2953.8,1134.6,2963
L,2011150,2011336,188,2714.7,1708.1,3173
L,2011370,2011658,290,2920.5,1133.5,3191
L,2011706,2012112,408,1943.9,1131.5,3267
L,2012138,2012284,148,1567.7,1013.7,3085
L,2012312,2012474,164,2028.2,1062.3,2721
L,2012518,2012722,206,2633.1,386.4,2417
L,2012978,2013004,28,1919.8,1229.3,2336
L,2013296,2013372,78,1916.4,1198.4,2794
L,2013388,2013944,558,2158.0,1248.7,2918
L,2015728,2016146,420,2146.8,1147.3,2962
L,2016166,2016394,230,1962.9,1067.0,2736
L,2016416,2016596,182,2203.1,1114.4,2620
L,2016622,2016918,298,1867.2,1042.9,2674
L,2016934,2017780,848,1917.5,1138.0,3057
L,2017794,2018716,924,1997.2,1173.0,3414
L,2018758,2019326,570,2584.0,1404.5,2985
L,2019504,2020320,818,2483.4,1481.9,3196
L,2020364,2022056,1694,1905.5,1152.4,3495
L,2022094,2022238,146,1358.8,1052.6,3611
L,2022266,2022614,350,932.7,1144.7,3673
L,2022782,2023580,800,891.4,1235.4,3148
L,2023632,2023880,250,2040.1,1210.2,3300
L,2023898,2024014,118,1921.9,1161.3,3381
L,2024060,2024854,796,938.7,1242.9,3549
L,2024902,2026540,1640,1907.1,1139.7,3599
L,2026592,2027050,460,1003.6,1104.0,3801
L,2027236,2028060,826,883.4,1166.8,3314
L,2028112,2029754,1644,1929.6,1117.0,3421
L,2029804,2030086,284,2558.8,1307.0,3422
L,2030102,2030370,270,2676.4,1389.2,3411
L,2030534,2030782,250,2573.3,1416.9,2835
L,2030798,2031426,630,2737.1,1449.9,2961
L,2031478,2032950,1474,1921.8,1110.0,3317
L,2032970,2033146,178,2090.7,1182.9,3446
L,2033184,2033568,386,2694.6,1321.0,3383
L,2033580,2034364,786,2800.9,1361.6,2983
L,2034414,2036264,1852,1944.0,1147.8,3375
L,2036308,2036518,212,2536.5,1324.2,3408
L,2036540,2037622,1084,2790.3,1410.2,2958
L,2037658,2037724,68,2290.5,1322.8,3121
L,2037758,2037830,74,1867.3,1119.4,3193
L,2037852,2038004,154,2085.9,1194.8,3173
L,2038022,2040422,2402,1930.9,1128.0,3459
L,2040468,2040686,220,1039.5,1141.3,3471
L,2040700,2040880,182,911.5,1171.8,3091
L,2041082,2041224,144,967.2,1266.5,2990
L,2041238,2041488,252,882.1,1238.2,3203
L,2042040,2042130,92,1213.7,1219.6,3420
L,2042150,2042894,746,969.5,1232.4,3398
L,2042946,2044806,1862,1937.2,1148.4,3377
L,2044846,2045028,184,1171.2,1097.8,3627
L,2045046,2046208,1164,945.9,1164.3,3442
L,2046256,2046658,404,1922.4,1117.6,3477
L,2046804,2049302,2500,1918.7,1146.9,3629
L,2049348,2049612,266,1014.6,1223.4,3500
L,2049630,2049804,176,859.9,1250.4,3106
L,2050036,2050362,328,930.4,1251.3,3282
L,2050380,2051064,686,1163.4,1238.1,3574
L,2051104,2051452,350,1798.9,1106.2,3596
L,2051464,2053368,1906,1907.9,1143.4,3614
L,2053424,2053778,356,961.2,1103.3,3838
L,2053792,2053912,122,1058.7,1122.8,3807
L,2054066,2055830,1766,1053.1,1134.4,3483
L,2055880,2056110,232,1988.0,1184.2,3680
L,2056122,2057866,1746,1928.7,1153.3,3653
L,2057912,2058144,234,1026.2,1096.4,3824
L,2058160,2059692,1534,907.2,1169.1,3548
L,2059744,2061456,1714,1942.6,1144.7,3447
L,2061504,2061816,314,2547.5,1367.2,3538
L,2061834,2061982,150,2703.0,1435.8,3345
L,2062026,2062110,86,2611.2,2198.7,2519
L,2062150,2062428,280,2731.0,1471.4,2784
L,2062444,2062956,514,2538.6,1482.5,2931
L,2062980,2065006,2028,2748.4,1491.2,3191
L,2065026,2065532,508,2531.6,1503.5,3445
L,2065562,2065860,300,3038.4,1539.6,3331
L,2065916,2067838,1924,1934.3,1160.0,3549
L,2067888,2068306,420,2651.0,1391.5,3530
L,2068328,2068796,470,2951.8,1413.6,3186
L,2068918,2069098,182,2974.5,1308.0,3014
L,2069118,2069668,552,2957.8,1149.2,3156
L,2069688,2069930,244,2957.3,1295.1,3248
L,2071648,2072266,620,2969.6,1276.3,3135
L,2072280,2072550,272,2983.0,1391.0,3078
L,2072604,2074586,1984,1902.0,1129.4,3466
L,2074642,2075000,360,997.2,1126.1,3813
L,2075014,2075212,200,912.9,1180.0,3692
L,2075392,2076096,706,1009.4,1181.3,3167
L,2076142,2078232,2092,1905.6,1133.9,3447
L,2078286,2078512,228,992.9,1190.1,3339
L,2078682,2079336,656,874.6,1217.4,2931
L,2079388,2081268,1882,1915.7,1128.8,3324
L,2081324,2081778,456,950.9,1150.8,3585
L,2081918,2082568,652,995.5,1105.9,3059
L,2082582,2083310,730,945.5,1143.2,3315
L,2083356,2084764,1410,1941.3,1148.0,3322
L,2084810,2085070,262,2619.9,1312.9,3323
L,2085086,2085554,470,2530.6,1331.9,3372
L,2085574,2085704,132,2745.9,1396.3,3320
L,2085838,2086396,560,2580.2,1454.0,2861
L,2086440,2088208,1770,1924.1,1136.7,3346
L,2088264,2088588,326,1031.7,1125.6,3634
L,2088602,2088722,122,943.2,1161.9,3637
L,2088882,2089346,466,984.4,1194.5,3118
L,2089392,2091236,1846,1907.6,1145.2,3336
L,2091290,2092214,926,920.1,1165.7,3380
L,2092226,2092538,314,1031.4,1170.3,3251
L,2092584,2094300,1718,1916.9,1138.8,3383
L,2094332,2094500,170,1435.5,1038.5,3538
L,2094524,2096270,1748,1038.2,1115.2,3254
L,2096284,2096844,562,1097.7,1046.4,3478
L,2096860,2096990,132,1003.8,1126.9,3500
L,2097006,2097696,692,1078.6,1197.5,3615
L,2097718,2097808,92,1087.2,1017.8,3640
L,2097862,2098434,574,1910.8,1132.6,3438
L,2098456,2098630,176,2210.6,1149.5,2821
L,2098676,2098866,192,2854.9,431.6,2502
L,2099146,2099312,168,1901.2,1110.3,2699
L,2099566,2099698,134,2247.3,1272.3,2795
L,2099748,2100452,706,2799.4,410.4,2612
L,2100696,2100786,92,2128.9,1149.4,2839
L,2101026,2101170,146,2246.6,1259.6,2971
L,2101192,2101518,328,1977.6,1186.2,3013
L,2101538,2101780,244,2182.8,1277.1,2841
L,2101800,2101984,186,2250.6,1119.1,2755
L,2102018,2102218,202,1773.8,1032.7,2893
L,2102240,2102466,228,2039.9,1062.8,2961
L,2102484,2102804,322,2230.9,1119.1,3023
L,2102826,2104600,1776,1915.8,1116.4,3336
L,2104612,2104866,256,1993.2,1188.7,3647
L,2104910,2105124,216,2501.4,1349.2,3574
L,2105146,2105422,278,2754.6,1450.9,3329
L,2105644,2106422,780,2661.8,1459.4,3138
L,2106472,2108348,1878,1906.4,1135.3,3553
L,2108396,2108660,266,2544.5,1431.8,3587
L,2108682,2108796,116,2804.5,1517.5,3548
L,2108962,2109306,346,2964.6,1324.1,2949
L,2109330,2109864,536,2816.6,1505.2,3164
L,2109890,2110152,264,2953.4,1284.4,3269
L,2110190,2111824,1636,1925.6,1152.6,3550
L,2111874,2112344,472,950.2,1146.9,3767
L,2112358,2112460,104,1053.2,1171.9,3660
L,2112600,2113574,976,1014.8,1238.4,3298
L,2113616,2115630,2016,1933.3,1133.9,3536
L,2115668,2115986,320,2484.3,1368.2,3363
L,2116008,2116728,722,2790.2,1431.6,2975
L,2116776,2118598,1824,1921.3,1140.9,3508
L,2118654,2119142,490,931.0,1130.0,3693
L,2119296,2119654,360,914.6,1203.5,3223
L,2119666,2120456,792,934.2,1227.9,3556
L,2120508,2122228,1722,1909.1,1124.4,3508
L,2122274,2122704,432,1064.7,1133.0,3742
L,2122718,2122976,260,986.3,1196.5,3668
L,2122994,2123430,438,1049.3,1092.4,3232
L,2123586,2124496,912,1068.5,1134.4,3572
L,2124522,2124600,80,1379.3,1048.7,3623
L,2124638,2127176,2540,1931.4,1146.8,3582
L,2127230,2127550,322,913.0,1167.5,3516
L,2127756,2127938,184,835.9,1282.4,2924
L,2127952,2128236,286,942.0,1161.0,3239
L,2128816,2129040,226,1044.8,1162.7,3444
L,2129060,2129696,638,918.4,1211.0,3398
L,2129714,2130132,420,757.8,1219.0,3488
L,2130148,2130438,292,634.8,1239.7,3625
L,2130470,2130538,70,1086.1,1129.3,3654
L,2130586,2132064,1480,1913.3,1113.0,3402
L,2132076,2132536,462,1959.6,1103.4,3429
L,2132586,2133032,448,1024.4,1044.1,3635
L,2133180,2133858,680,1072.8,1054.0,3223
L,2133874,2135334,1462,1048.5,1126.8,3712
L,2135380,2137450,2072,1933.6,1154.0,3666
L,2137494,2137810,318,2772.5,1385.5,3396
L,2137828,2138622,796,3000.7,1381.9,2885
L,2138668,2141068,2402,1925.9,1145.1,3551
L,2141122,2141462,342,1041.0,1090.6,3854
L,2141640,2142394,756,1072.8,1108.9,3431
L,2142414,2142568,156,994.6,1228.0,3664
L,2142590,2143290,702,1063.3,1076.4,3753
L,2143304,2143428,126,1119.0,1154.2,3831
L,2143446,2144112,668,1061.1,1258.9,3863
L,2144132,2144228,98,1050.4,1095.0,3900
L,2144536,2145106,572,1050.7,1087.4,3750
L,2145126,2145612,488,1036.7,1229.5,3633
L,2145630,2146422,794,1067.3,1088.6,3707
L,2146674,2146698,26,1051.9,1582.5,3177
L,2146712,2147986,1276,1072.6,1089.4,3742
L,2148006,2148320,316,1045.9,1232.8,3776
L,2148338,2148826,490,1051.4,1083.6,3866
L,2148878,2149140,264,2063.7,1229.9,3693
L,2149160,2151038,1880,1926.8,1139.3,3577
L,2151084,2151290,208,2608.0,1326.2,3537
L,2151308,2151994,688,2781.0,1426.6,2974
L,2152072,2152098,28,2400.1,2821.6,1847
L,2152212,2152306,96,2687.8,1466.3,3069
L,2152324,2153460,1138,2500.0,1433.0,3307
L,2153514,2157058,3546,1944.1,1147.8,3486
L,2157100,2157190,92,2637.0,1110.6,3009
L,2157212,2157460,250,2964.0,1102.5,2792
L,2157486,2157874,390,2975.9,1349.6,2752
L,2157900,2158700,802,2739.5,1641.7,3234
L,2158756,2161028,2274,1956.8,1130.8,3634
L,2161072,2161292,222,2740.4,1448.2,3481
L,2161446,2163002,1558,3000.5,1360.7,3093
L,2163052,2164830,1780,1946.4,1150.1,3573
L,2164850,2165106,258,2166.4,1213.8,3582
L,2165132,2165454,324,1890.7,1112.9,3683
L,2165470,2165802,334,1994.2,1160.5,3724
L,2165862,2166162,302,2944.3,1379.8,3215
L,2166346,2166470,126,3004.0,1413.0,2881
L,2166722,2166772,52,2994.9,1410.0,3039
L,2167022,2167540,520,2269.2,1431.7,3253
L,2167576,2167898,324,3046.2,1482.2,3158
L,2167932,2168068,138,2258.8,1373.6,3371
L,2168098,2169756,1660,1905.6,1113.5,3530
L,2169798,2170026,230,2471.3,1284.5,3579
L,2170044,2170278,236,2599.8,1352.8,3590
L,2170302,2171116,816,2991.1,1373.0,3134
L,2171162,2172430,1270,1943.7,1147.8,3483
L,2172584,2173086,504,1925.2,1133.1,3616
L,2173138,2175056,1920,1042.6,1131.7,3392
L,2175098,2176894,1798,1927.2,1116.0,3575
L,2176942,2177160,220,2696.8,1220.0,3586
L,2177182,2177442,262,2967.8,1286.7,3558
L,2177534,2178992,1460,2986.7,1323.6,3130
L,2179038,2180938,1902,1936.1,1134.4,3606
L,2180988,2181290,304,2641.3,1362.4,3557
L,2181550,2182384,836,2778.2,1399.8,3074
L,2182434,2183612,1180,1911.9,1124.8,3533
L,2183638,2183690,54,2247.8,1304.8,3602
L,2183714,2184066,354,2730.4,1373.9,3530
L,2184084,2184536,454,2635.0,1452.5,3562
L,2184558,2184632,76,2879.9,1401.7,3522
L,2184830,2186056,1228,2975.7,1378.5,2972
L,2186114,2188794,2682,1922.5,1140.7,3620
L,2188836,2189284,450,1084.0,1044.3,3218
L,2189480,2190096,618,1062.6,1090.1,3585
L,2190140,2190664,526,1898.9,1096.7,3578
L,2190686,2190860,176,2201.5,1093.8,3072
L,2190904,2191138,236,3005.8,463.5,2677
L,2191366,2191572,208,1766.9,1107.7,2899
L,2191822,2192040,220,2176.0,1247.4,3075
L,2192064,2192092,30,1861.3,1148.8,3121
L,2192356,2192384,30,2066.4,1753.5,2414
L,2193910,2193952,44,2522.4,1463.8,3060
L,2193974,2194136,164,2304.3,1191.3,3047
L,2194156,2194338,184,2245.5,1033.1,2794
L,2194362,2194842,482,1913.1,1027.2,2604
L,2194858,2196976,2120,1951.5,1098.7,3111
L,2197026,2197258,234,1041.9,1110.3,3539
L,2197276,2197374,100,882.7,1183.6,3559
L,2197560,2197710,152,771.2,1287.7,2960
L,2197724,2198422,700,895.1,1219.2,3156
L,2198474,2198880,408,1845.4,1118.4,3365
L,2198904,2199108,206,1433.9,1094.8,3288
L,2199142,2200844,1704,1925.9,1131.7,3445
L,2200870,2201056,188,2242.3,1281.0,3549
L,2201078,2201312,236,2516.8,1322.2,3534
L,2201332,2202358,1028,2757.7,1422.3,3056
L,2202410,2202584,176,1934.1,1139.8,3232
L,2202736,2204782,2048,1915.2,1114.7,3461
L,2204836,2205202,368,923.1,1148.1,3715
L,2205218,2205846,630,1043.7,1106.4,3314
L,2205882,2206264,384,1778.6,1061.8,3302
L,2206282,2208224,1944,1924.3,1111.7,3460
L,2208250,2208634,386,2443.4,1269.0,3586
L,2208648,2208826,180,2534.8,1325.7,3470
L,2208848,2209536,690,2808.2,1370.6,3028
L,2209586,2211346,1762,1915.2,1118.6,3581
L,2211402,2211766,366,2809.1,1284.7,3539
L,2211782,2212572,792,2777.8,1359.8,3253
L,2212620,2214808,2190,1961.7,1140.8,3489
L,2214852,2215104,254,1077.4,1074.5,3461
L,2215254,2215504,252,974.0,1129.9,3021
L,2215518,2216244,728,1033.2,1174.0,3393
L,2216290,2218186,1898,1935.3,1119.8,3652
L,2218232,2218468,238,949.7,1138.9,3871
L,2218482,2218604,124,1070.2,1169.4,3813
L,2218826,2218982,158,996.8,1255.3,3230
L,2218998,2219182,186,1058.6,1088.1,3305
L,2219446,2219902,458,1046.4,1253.0,3409
L,2219920,2221350,1432,1028.7,1242.5,3757
L,2221370,2221896,528,1036.0,1074.1,3868
L,2222150,2222488,340,1113.6,1106.4,3869
L,2222508,2222824,318,1069.3,955.1,3862
L,2222876,2224718,1844,1917.8,1110.3,3547
L,2224758,2225432,676,1080.1,1053.0,3819
L,2225450,2225760,312,954.2,1174.5,3365
L,2225776,2225960,186,1101.9,1171.5,3350
L,2225980,2226524,546,909.9,1194.9,3600
L,2226542,2227196,656,1061.6,1166.1,3792
L,2227246,2227616,372,1925.9,1139.0,3786
L,2227760,2229188,1430,1899.3,1105.2,3725
L,2229204,2230268,1066,2025.4,1129.6,3801
L,2230320,2231306,988,2978.5,1116.9,3053
L,2231346,2232942,1598,1936.2,1100.0,3569
L,2233004,2233590,588,2815.3,1148.6,3532
L,2233608,2234772,1166,2979.7,1280.6,3123
L,2234814,2236156,1344,1937.6,1123.1,3639
L,2236332,2236902,572,1871.1,1094.7,3754
L,2236946,2237426,482,993.4,1071.9,3430
L,2237440,2238168,730,1101.4,1052.8,3318
L,2238214,2238362,150,2013.3,1149.3,3497
L,2238374,2239360,988,1916.4,1129.3,3607
L,2239530,2242446,2918,1932.6,1113.6,3708
L,2242486,2242704,220,2525.5,1306.2,3673
L,2242718,2243088,372,2690.6,1369.7,3196
L,2243108,2243380,274,2912.0,1355.2,3181
L,2243432,2245276,1846,1917.1,1105.3,3642
L,2245298,2245340,44,2113.8,1210.3,3748
L,2245360,2245658,300,2332.4,1296.8,3711
L,2245696,2246958,1264,2986.2,1332.4,3215
L,2247004,2248646,1644,1935.8,1137.9,3612
L,2248692,2249062,372,2590.9,1269.0,3505
L,2249080,2249482,404,2776.0,1325.5,3237
L,2249502,2249730,230,2986.6,1341.4,2976
L,2249784,2249970,188,1899.8,1088.0,3242
L,2249986,2251962,1978,1945.8,1121.1,3424
L,2252016,2252196,182,2750.2,1306.3,3271
L,2252216,2252304,90,2980.0,1339.3,2967
L,2252840,2252894,56,2903.4,1314.8,3087
L,2253132,2254530,1400,2997.3,1333.7,2998
L,2254582,2255776,1196,1923.6,1125.8,3424
L,2255792,2256220,430,2037.7,1162.0,3604
L,2256274,2256814,542,2851.4,1400.4,3549
L,2256832,2257628,798,2976.8,1329.3,3114
L,2257676,2259168,1494,1925.8,1149.5,3568
L,2259224,2259786,564,2818.7,1230.9,3474
L,2259960,2261062,1104,2636.4,1362.4,3163
L,2261104,2262972,1870,1950.0,1137.8,3614
L,2263022,2263320,300,2624.3,1411.1,3596
L,2263600,2264026,428,2536.5,1379.7,3036
L,2264054,2264250,198,3049.3,1486.4,3114
L,2264284,2264918,636,2301.9,1417.2,3432
L,2264952,2266602,1652,1900.7,1116.3,3667
L,2266654,2266842,190,1024.7,1046.9,3845
L,2266858,2267268,412,909.8,1100.3,3882
L,2267456,2268672,1218,924.0,1164.3,3332
L,2268720,2270822,2104,1919.3,1131.4,3580
L,2270866,2271074,210,2527.2,1300.4,3535
L,2271096,2271490,396,2746.9,1425.4,3176
L,2271740,2271834,96,2611.2,1414.2,2954
L,2272108,2272960,854,2470.3,1409.5,3200
L,2272978,2273418,442,2262.2,1417.0,3460
L,2273452,2274652,1202,1893.9,1122.4,3579
L,2274668,2275118,452,2001.3,1165.3,3647
L,2275170,2276014,846,2824.2,1341.1,3438
L,2276048,2276388,342,2220.2,1339.2,3298
L,2276418,2276892,476,1851.6,1090.4,3478
L,2276920,2277144,226,1683.8,873.1,3130
L,2277172,2277318,148,2142.6,846.2,2853
L,2277344,2277450,108,2479.5,845.1,2803
L,2277512,2277718,208,1162.9,977.5,3101
L,2277764,2277848,86,2031.7,1049.0,3158
L,2277976,2278192,218,2369.7,1114.9,3186
L,2278238,2278470,234,1501.2,1134.6,3289
L,2278492,2278612,122,1805.7,1142.9,3208
L,2278640,2278792,154,2187.4,1289.3,3131
L,2278808,2278996,190,2313.1,1346.2,3072
L,2279046,2279216,172,1543.9,1228.5,3094
L,2279230,2279306,78,1460.0,1285.5,3078
L,2279336,2279508,174,1989.4,1337.2,3073
L,2279530,2279632,104,2205.2,1432.9,3121
L,2279670,2279946,278,1547.2,1102.9,3279
L,2279968,2280026,60,1474.1,1268.6,3377
L,2280200,2280368,170,2015.4,1376.3,3367
L,2280394,2280590,198,1681.3,1104.7,3431
L,2280618,2280818,202,1270.9,1083.5,3356
L,2280860,2281034,176,2038.7,1113.1,3112
L,2281062,2281450,390,2455.7,1075.1,2790
L,2281476,2283272,1798,1930.6,1115.6,3259
L,2283294,2283464,172,1872.7,919.8,3447
L,2284188,2284384,198,1945.4,1140.2,3566
L,2284406,2284870,466,1802.7,919.1,3574
L,2284894,2285082,190,1927.7,1146.6,3693
L,2285194,2287114,1922,1915.6,1122.7,3897
L,2287138,2287240,104,1785.3,888.6,3922
L,2287414,2287464,52,1930.9,964.8,3470
L,2287628,2288556,930,1887.9,902.8,3538
L,2288580,2290240,1662,1920.5,1096.8,3816
L,2290264,2291176,914,1891.2,879.6,3575
L,2291198,2291442,246,1910.7,1081.5,3664
L,2291564,2293404,1842,1914.8,1110.6,3863
L,2293428,2293512,86,1637.2,933.0,3906
L,2293624,2294378,756,1762.7,923.1,3647
L,2294400,2296106,1708,1911.2,1112.0,3999
L,2296130,2297172,1044,1820.9,920.3,3710
L,2297262,2297442,182,1853.2,915.9,3756
L,2297462,2297946,486,1819.4,738.8,3737
L,2297978,2299682,1706,1906.6,1099.8,3851
L,2299704,2299956,254,1861.1,943.0,3740
L,2300140,2300408,270,1876.0,980.0,3320
L,2300432,2300824,394,1935.9,1129.7,3524
L,2300846,2301704,860,2039.3,951.2,3611
L,2301726,2303478,1754,1907.6,1107.0,3878
L,2303502,2303700,200,1839.8,885.9,3718
L,2303722,2304320,600,1582.7,901.0,3416
L,2304348,2304518,172,1985.6,1064.2,3587
L,2304532,2306064,1534,1908.4,1110.3,3793
L,2306090,2307032,944,1830.6,910.9,3490
L,2307046,2307488,444,1871.8,1019.9,3637
L,2307504,2308788,1286,1930.1,1123.7,3714
L,2308810,2309594,786,1881.7,912.3,3331
L,2309614,2311336,1724,1915.1,1102.1,3721
L,2311358,2311552,196,1837.8,913.6,3850
L,2311656,2311994,340,1933.9,1002.6,3642
L,2312010,2312296,288,1991.3,1095.5,3797
L,2312316,2312706,392,1939.0,968.7,3791
L,2312722,2313984,1264,1920.5,1103.4,3751
L,2314008,2314914,908,1872.5,900.7,3449
L,2314938,2316662,1726,1944.1,1120.2,3688
L,2316906,2317436,532,2016.1,948.0,3171
L,2317456,2319272,1818,1942.2,1128.7,3550
L,2319292,2320144,854,1870.9,955.6,3339
L,2320166,2321940,1776,1915.1,1104.9,3753
L,2321962,2322066,106,1920.3,940.2,3686
L,2322132,2322156,26,2851.1,2065.0,1327
L,2322218,2322914,698,2007.7,936.8,3128
L,2322938,2324674,1738,1912.9,1119.4,3541
L,2324698,2325554,858,1886.9,894.5,3083
L,2325576,2327286,1712,1916.8,1105.8,3530
L,2327310,2327920,612,1890.1,903.9,3227
L,2327936,2328402,468,2046.3,921.4,3087
L,2328422,2330228,1808,1909.9,1097.7,3603
L,2330248,2331184,938,2030.8,934.1,3148
L,2331204,2333030,1828,1931.2,1099.9,3517
L,2333052,2333806,756,1902.6,890.8,3127
L,2333830,2335632,1804,1937.8,1098.4,3440
L,2335654,2336500,848,1924.5,906.7,2873
L,2336520,2336668,150,2005.6,1030.3,2882
L,2336690,2336864,176,2273.0,1075.1,2755
L,2336920,2337074,156,1277.9,510.3,2680
L,2337090,2337220,132,1156.2,455.1,2711
L,2337372,2337592,222,1799.9,1116.2,2947
L,2337808,2337894,88,2087.2,1102.6,3102
L,2338210,2338324,116,2182.8,1259.7,3153
L,2341996,2342390,396,1978.8,1180.0,4187
L,2342412,2342722,312,1679.3,1035.7,4015
L,2342744,2344674,1932,1894.5,1136.7,3990
L,2344696,2345178,484,1899.0,953.3,3423
L,2345198,2348966,3770,1921.8,1111.4,3599
L,2348988,2349614,628,1902.3,929.7,3475
L,2349634,2351304,1672,1928.9,1109.9,3586
L,2351328,2351984,658,2027.7,928.4,3279
L,2352006,2353814,1810,1930.7,1121.9,3621
L,2353838,2354488,652,2038.0,934.1,3247
L,2354508,2356356,1850,1938.8,1117.2,3574
L,2356378,2357670,1294,2048.7,937.0,3236
L,2357692,2359548,1858,1919.3,1120.0,3699
L,2359566,2360090,526,1841.0,933.8,3266
L,2360112,2360574,464,1946.6,1102.9,3342
L,2360596,2361026,432,1892.6,965.6,3527
L,2361046,2362364,1320,1920.5,1122.0,3685
L,2362390,2363256,868,1999.8,926.3,3145
L,2363278,2365106,1830,1897.1,1115.7,3620
L,2365128,2366054,928,1846.1,919.7,3276
L,2366076,2368574,2500,1912.1,1075.3,3594
L,2368600,2371588,2990,1962.4,1111.1,3367
L,2371752,2373792,2042,1940.9,1118.5,3475
L,2373808,2374418,612,2036.1,958.0,3022
L,2374442,2376394,1954,1934.4,1128.8,3344
L,2376416,2377184,770,1916.2,976.2,3504
L,2377206,2382114,4910,1923.9,1137.5,3695
L,2382262,2394218,11958,1932.4,1125.9,3367
L,2394240,2394444,206,2229.6,1142.3,2861
L,2394494,2394790,298,1426.6,505.2,2792
L,2395002,2395052,52,1709.0,1140.5,2879
L,2395262,2395474,214,1973.3,1168.5,3242
L,2395500,2396036,538,1516.9,1078.3,3253
L,2396064,2396518,456,1995.7,1175.0,3279
L,2396538,2396766,230,2257.3,1144.6,3310
L,2396790,2397216,428,1893.2,1053.1,3294
L,2397340,2397606,268,2117.3,1130.4,3236
L,2397628,2400030,2404,1910.0,1087.5,3468
L,2400052,2400858,808,1945.8,931.4,3165
L,2400882,2404726,3846,1925.5,1119.0,3410
L,2404740,2404980,242,1878.2,1083.0,3234
L,2405020,2405042,24,2152.2,1546.6,2481
L,2405096,2408980,3886,1946.0,1121.2,3295
L,2409006,2409604,600,2049.1,925.2,3140
L,2409628,2412176,2550,1915.9,1059.6,3402
L,2412200,2414840,2642,1933.1,1113.5,3298
L,2414876,2414908,34,2068.0,1519.7,2657
L,2414930,2421198,6270,1942.6,1135.1,3327
L,2421376,2443108,21734,1938.3,1123.1,3115
L,2443128,2443152,26,2007.9,1317.1,2860
L,2443170,2443552,384,2064.0,1068.7,2784
L,2443594,2443870,278,1591.8,535.6,2548
L,2445596,2445988,394,2142.2,1202.9,2877
L,2446010,2446196,188,1955.4,1058.0,2533
L,2446210,2446536,328,2207.5,1048.2,2335
L,2446556,2446708,154,2388.8,1046.8,2276
L,2446740,2447288,550,1864.3,1105.3,2479
L,2447304,2447720,418,1922.3,1022.2,2559
L,2447734,2448984,1252,1933.7,1100.0,2988
L,2449006,2449718,714,1944.6,899.6,2786
L,2449740,2451536,1798,1919.1,1120.3,3195
L,2451556,2452730,1176,1893.6,961.1,2939
L,2452748,2452866,120,1961.4,1124.0,3170
L,2453078,2455426,2350,1920.4,1109.5,3309
L,2455446,2455948,504,1962.6,931.2,2615
L,2455970,2457740,1772,1954.4,1120.0,3086
L,2457762,2458692,932,1903.1,913.5,2938
L,2458716,2461254,2540,1917.6,1074.6,3250
L,2461278,2461418,142,1953.9,1140.3,2942
L,2461574,2464560,2988,1918.4,1131.9,3268
L,2464740,2469510,4772,1916.5,1125.5,3253
L,2469662,2471666,2006,1930.7,1126.9,3408
L,2471690,2472088,400,1902.2,939.0,3139
L,2472108,2473768,1662,1931.6,1122.8,3254
L,2473792,2474046,256,1884.2,904.1,3292
L,2474062,2474514,454,2043.5,938.0,2883
L,2474536,2476304,1770,1940.5,1113.7,3267
L,2476328,2476578,252,1916.5,939.0,3251
L,2476594,2477154,562,2093.6,953.8,2970
L,2477176,2478970,1796,1943.8,1138.0,3406
L,2478986,2479800,816,1930.5,1085.8,3037
L,2479950,2485066,5118,1964.2,1131.8,3108
L,2485202,2487206,2006,1970.1,1118.3,3232
L,2487226,2487880,656,1946.1,903.1,2852
L,2487904,2493728,5826,1964.5,1125.2,3034
L,2493864,2497192,3330,1957.3,1112.8,2955
L,2497364,2500066,2704,1949.0,1108.4,3031
L,2500110,2500354,246,1739.2,514.6,2250
L,2503514,2503656,144,1999.1,889.9,3227
L,2503680,2503976,298,2069.2,1106.4,3240
L,2504004,2504284,282,1734.3,1055.9,3107
L,2504310,2504594,286,2164.2,1095.7,2970
L,2504620,2504852,234,1797.2,1131.2,3088
L,2505028,2505116,90,2097.2,1258.0,2938
L,2505314,2505492,180,2033.0,1160.6,2996
L,2505514,2505852,340,1769.0,1151.3,3091
L,2505878,2506260,384,2170.7,1127.6,2948
L,2506292,2506464,174,1698.7,1175.4,2985
L,2506484,2508878,2396,1929.7,1164.5,3307
L,2508898,2509096,200,1755.2,1032.6,3030
L,2509116,2509518,404,1686.0,904.1,2986
L,2509546,2509630,86,1958.8,1122.6,3129
L,2509644,2509712,70,1861.9,1104.0,3178
L,2509728,2514562,4836,1945.2,1133.9,3220
L,2514716,2516296,1582,1932.7,1121.1,3188
L,2516320,2517152,834,1958.5,924.2,2767
L,2517174,2521388,4216,1920.6,1128.2,3117
L,2521444,2521474,32,2647.5,2384.6,1112
L,2521552,2521710,160,2025.2,1285.5,2620
L,2521998,2524166,2170,1943.6,1125.1,2899
L,2524186,2524414,230,1911.4,976.9,3108
L,2524432,2524650,220,1910.0,1101.4,2938
L,2524664,2529962,5300,1936.6,1138.3,3225
L,2530198,2535186,4990,1955.2,1138.6,2980
L,2535228,2535256,30,2516.7,1876.0,1053
L,2535320,2538948,3630,1972.4,1134.0,2756
L,2539236,2539372,138,1988.9,1138.4,2412
L,2539622,2539642,22,2203.5,1612.2,1796
L,2539676,2542766,3092,1961.4,1123.1,2719
L,2542808,2542832,26,2471.3,1701.9,1357
L,2542890,2546006,3118,1933.8,1122.9,2949
L,2546164,2548278,2116,1914.6,1130.5,3218
L,2548298,2548884,588,1905.4,960.0,2692
L,2548908,2551784,2878,1933.0,1129.9,3048
L,2551930,2555004,3076,1922.6,1115.5,3135
L,2555198,2560186,4990,1919.9,1130.4,3156
L,2563812,2568664,4854,1983.6,1130.6,2764
L,2568718,2569294,578,2090.2,1174.0,2571
L,2569310,2571944,2636,1978.9,1135.3,2918
L,2572190,2575194,3006,1947.8,1114.0,2842
L,2575452,2579840,4390,1953.6,1070.1,2789
L,2579862,2581666,1806,1943.9,1114.6,2937
L,2581686,2582554,870,1930.8,931.2,2600
L,2582572,2582880,310,2103.3,960.7,2694
L,2582898,2583232,336,2002.1,926.7,2837
L,2583256,2586228,2974,1948.3,1115.9,2942
L,2586272,2586302,32,2563.4,2236.9,1264
L,2586360,2589200,2842,1935.6,1106.7,2979
L,2589368,2592434,3068,1960.5,1110.4,2923
L,2592454,2593168,716,1931.4,911.4,2664
L,2593188,2594932,1746,1960.0,1118.1,2988
L,2595132,2608424,13294,1969.1,1129.4,2943
L,2608436,2611674,3240,1971.1,1132.1,2770
L,2611868,2611874,8,2163.0,1612.0,1936
L,2611902,2613898,1998,1970.6,1134.3,2909
L,2613912,2614686,776,1967.2,913.7,2379
L,2614710,2614882,174,2061.5,1096.0,2198
L,2616710,2616732,24,2074.5,252.3,2340
L,2617012,2617204,194,2053.5,249.4,2080
L,2618800,2619266,468,2124.6,1165.4,2642
L,2619282,2621040,1760,1968.8,1120.5,2755
L,2621062,2621998,938,1954.9,915.0,2461
L,2622022,2625756,3736,1961.5,1120.0,2948
L,2625776,2626606,832,2023.5,974.8,2665
L,2626662,2626718,58,2370.7,1813.4,1473
L,2626772,2629054,2284,1979.9,1132.8,2673
L,2629244,2631616,2374,1993.3,1128.8,2613
L,2631694,2633558,1866,1951.7,1150.4,2928
L,2633654,2634530,878,1974.4,1145.8,2525
L,2634736,2636972,2238,1946.6,1136.9,3064
L,2637092,2637488,398,1967.9,1121.4,2429
L,2637722,2641418,3698,1971.4,1109.7,2700
L,2641578,2653068,11492,1972.5,1118.7,2905
L,2653266,2655656,2392,1980.0,1101.9,2720
L,2655852,2658808,2958,1986.1,1124.6,2905
L,2659000,2661384,2386,1982.4,1101.3,2691
L,2661538,2664118,2582,1982.5,1113.8,2692
L,2664370,2665794,1426,1995.7,1104.1,2694
L,2666020,2666222,204,2007.6,1116.0,2575
L,2666580,2671728,5150,1991.9,1112.2,2670
L,2671808,2672058,252,1968.2,1068.8,2355
L,2676490,2676596,108,2063.5,1248.1,3505
L,2676616,2678618,2004,1929.7,1144.3,3365
L,2678640,2679508,870,1931.3,948.0,2774
L,2679682,2682060,2380,1963.8,1118.9,3082
L,2682294,2685304,3012,1990.6,1136.5,2973
L,2685532,2687750,2220,1998.4,1117.6,2847
L,2687976,2695590,7616,1980.5,1117.4,2892
L,2695616,2695638,24,2100.1,1527.8,2531
L,2695658,2701150,5494,1986.8,1110.7,2856
L,2701398,2703438,2042,1949.6,1093.2,2864
L,2703458,2706476,3020,1992.4,1071.8,2633
L,2706666,2706682,18,2176.0,1649.3,2000
L,2706720,2709114,2396,1993.0,1115.4,2790
L,2709490,2712990,3502,1955.2,1107.6,2967
L,2713138,2713532,396,1969.9,1164.1,3401
L,2713878,2714586,710,1973.3,1096.9,3157
L,2715642,2717364,1724,1938.5,1111.4,3428
L,2717380,2717540,162,1987.5,998.4,3309
L,2717554,2718112,560,1959.9,928.9,2878
L,2718136,2719850,1716,1959.8,1124.8,3291
L,2719874,2720446,574,2063.6,958.2,2900
L,2720602,2720832,232,2112.8,952.6,2562
L,2721072,2722710,1640,1962.3,1118.1,3026
L,2722950,2722976,28,2127.2,1566.7,2087
L,2723016,2726614,3600,1970.9,1111.7,3022
L,2726868,2727178,312,1971.9,1122.6,3287
L,2727198,2728116,920,2000.9,977.7,2784
L,2729824,2729966,144,2748.7,639.7,2580
L,2729990,2730638,650,2478.5,324.9,2149
L,2730686,2730878,194,1968.0,1007.2,2245
L,2730906,2731142,238,2318.5,1126.0,2362
L,2731160,2731536,378,2253.7,1202.8,2362
L,2731556,2731778,224,2240.8,1061.1,2460
L,2731834,2732014,182,2474.0,369.8,2508
L,2732036,2732112,78,2459.7,320.1,2496
L,2732184,2732224,42,2438.5,318.9,2468
L,2732256,2732280,26,2426.4,318.8,2432
L,2732520,2732734,216,2141.8,1340.7,2604
L,2732758,2734810,2054,1941.4,1175.9,3014
L,2734834,2735692,860,1813.7,947.3,2888
L,2735864,2737470,1608,1935.4,1138.8,3337
L,2737494,2738150,658,2036.7,962.1,3049
L,2738172,2740874,2704,1936.9,1134.0,3168
L,2741098,2742648,1552,1959.9,1145.8,3125
L,2742672,2743596,926,2018.2,934.9,2564
L,2743854,2745448,1596,1975.7,1122.6,2792
L,2745472,2746028,558,1831.1,921.1,2593
L,2746042,2746424,384,1714.9,902.1,2620
L,2746448,2746622,176,1909.7,1065.8,2890
L,2746634,2747706,1074,1941.9,1127.1,3179
L,2747856,2748222,368,1951.8,1138.6,3367
L,2748254,2748914,662,1857.1,892.9,2958
L,2748940,2750106,1168,1975.4,1148.6,3188
L,2750296,2750690,396,1963.7,1163.4,3359
L,2750920,2751404,486,2047.3,1073.7,2689
L,2751418,2753082,1666,1963.7,1138.6,3008
L,2753300,2753886,588,2056.2,965.5,2485
L,2753904,2755672,1770,1984.0,1120.1,2845
L,2755694,2755832,140,1979.1,980.0,2903
L,2755988,2756488,502,1982.0,931.2,2410
L,2756512,2758194,1684,1985.0,1152.2,2947
L,2758220,2758388,170,1893.0,856.0,3081
L,2758564,2758676,114,1991.4,944.8,2568
L,2758912,2759712,802,1987.9,914.3,2741
L,2759738,2761016,1280,1954.2,1126.5,3100
L,2761166,2761540,376,1945.3,1150.2,3435
L,2761564,2762418,856,2080.2,953.1,2903
L,2762430,2762814,386,1989.1,930.4,3049
L,2762948,2764538,1592,1947.4,1124.7,3364
L,2764754,2765322,570,1919.6,921.4,2841
L,2765532,2767334,1804,1966.9,1111.3,3110
L,2767348,2767774,428,1979.3,984.7,2655
L,2767986,2770448,2464,1982.6,1099.8,2964
L,2770624,2772626,2004,1995.0,1119.6,2939
L,2772906,2773506,602,2037.8,910.6,2315
L,2773918,2774544,628,2051.7,1152.0,2621
L,2963410,2965338,1930,1906.4,1104.5,3584
L,2965360,2966216,858,2048.3,915.9,3186
L,2966240,2967198,960,1945.1,1097.6,3457
L,2967638,2967860,224,2033.3,1181.8,3507
L,2967876,2969952,2078,1939.9,1116.3,3587
L,2969976,2970770,796,1891.7,912.0,3440
L,2970792,2972566,1776,1942.8,1096.6,3730
L,2972590,2972690,102,1899.1,879.0,3741
L,2973390,2973576,188,1984.3,1051.5,3410
L,2973598,2974136,540,1899.4,879.7,3385
L,2974160,2975894,1736,1923.9,1082.6,3628
L,2975918,2976764,848,2037.1,882.9,3438
L,2976786,2978532,1748,1915.7,1087.3,3788
L,2978718,2979234,518,1966.5,914.6,3313
L,2979250,2979368,120,2002.8,1001.9,3301
L,2979388,2979588,202,2223.8,1042.5,3061
L,2979626,2979852,228,2575.1,441.5,2704
L,2980050,2980138,90,1901.9,1147.9,2737
L,2980362,2981248,888,2158.9,1196.9,2989
L,2981282,2981486,206,1670.7,1040.5,3196
L,2981512,2981704,194,2047.2,1133.5,3235
L,2981960,2982446,488,2243.3,1243.3,3121
L,2982482,2982676,196,1825.7,1025.1,3163
L,2982702,2982978,278,2282.3,1077.6,3091
L,2983002,2985040,2040,1934.0,1096.9,3327
L,2985062,2985938,878,1941.2,879.0,3120
L,2985964,2987738,1776,1958.9,1077.6,3564
L,2987756,2988518,764,1959.6,885.5,3100
L,2988540,2991156,2618,1946.7,1014.7,3359
L,2991196,2991222,28,2157.5,1549.2,2720
L,2991260,2992956,1698,1955.0,1075.1,3476
L,2992972,2993696,726,1932.8,895.2,3106
L,2993720,2995466,1748,1961.8,1074.1,3461
L,2995484,2995832,350,1903.5,903.6,3256
L,2995856,2996294,440,1627.7,811.8,2895
L,2996332,2996416,86,2068.8,1050.4,3061
L,2996434,2996496,64,1922.9,1029.7,3147
L,2996512,2996630,120,2066.7,1092.2,3184
L,2996642,2999284,2644,1953.0,1025.5,3351
L,2999304,2999384,82,1992.9,1042.4,2885
L,2999578,3001534,1958,1938.4,1066.9,3457
L,3001556,3002160,606,2009.3,907.1,3247
L,3002182,3002236,56,1982.0,1084.5,3051
L,3002468,3005100,2634,1943.3,1081.2,3483
L,3005120,3005484,366,1917.2,925.5,3277
L,3005502,3007296,1796,1953.6,1087.2,3534
L,3007316,3007628,314,1963.3,949.0,3291
L,3007652,3008228,578,1765.5,844.5,3012
L,3008252,3010012,1762,1951.5,1068.1,3520
L,3010148,3010168,22,2116.3,1217.6,2925
L,3010190,3010756,568,1919.7,833.3,2964
L,3010780,3012516,1738,1964.0,1067.2,3325
L,3012542,3012790,250,1910.1,875.5,3317
L,3012806,3013130,326,1697.6,790.2,2921
L,3013144,3013508,366,1587.4,811.8,2987
L,3013550,3013654,106,2175.5,1202.0,3140
L,3013672,3013810,140,2072.2,1137.5,3163
L,3013828,3015342,1516,1961.2,1058.5,3381
L,3015360,3015390,32,1926.5,931.9,3502
L,3015602,3016036,436,1946.0,880.1,2924
L,3016058,3017854,1798,1939.6,1059.2,3397
L,3017876,3018564,690,1878.7,882.6,3131
L,3018586,3020404,1820,1947.0,1064.0,3465
L,3020686,3021192,508,1907.9,911.4,2941
L,3021208,3022924,1718,1922.1,1048.4,3430
L,3022948,3023942,996,1879.9,845.2,3283
L,3023964,3026430,2468,1928.3,1014.8,3596
L,3026452,3027680,1230,1961.7,1065.1,3439
L,3027754,3027782,30,2106.8,2651.1,1998
L,3027886,3028184,300,1955.0,1072.1,3612
L,3028212,3028856,646,1784.1,856.0,3217
L,3028878,3030824,1948,1960.6,1050.6,3385
L,3030838,3031354,518,1907.2,893.2,2969
L,3031370,3031830,462,1917.8,1062.3,3100
L,3032014,3033998,1986,1960.4,1064.4,3497
L,3034022,3034712,692,1944.8,854.4,3101
L,3034736,3036504,1770,1966.5,1057.4,3471
L,3036528,3036876,350,2051.0,881.2,3288
L,3036890,3037320,432,1958.7,864.3,2966
L,3037340,3037456,118,2080.9,996.0,3073
L,3037638,3037810,174,2638.9,449.9,2532
L,3037828,3037932,106,2768.5,410.4,2437
L,3038218,3038388,172,2085.4,1049.3,2582
L,3040392,3040558,168,2178.4,1074.7,3458
L,3040576,3040766,192,2361.6,1035.6,3386
L,3040800,3041002,204,1820.2,1053.6,3375
L,3041024,3041230,208,1998.6,1181.8,3306
L,3041248,3041450,204,2172.0,1265.6,3302
L,3041480,3041644,166,1816.0,1054.3,3290
L,3041666,3042256,592,2183.9,1112.4,3241
L,3042270,3042504,236,2139.4,1077.8,3284
L,3042534,3042728,196,1683.5,980.9,3410
L,3042754,3043102,350,2152.9,1084.4,3389
L,3043124,3044952,1830,1948.6,1089.9,3626
L,3044974,3045196,224,1919.0,901.3,3534
L,3045210,3045654,446,1816.2,857.3,3239
L,3045678,3047754,2078,1932.2,1071.5,3685
L,3047780,3048340,562,1837.3,859.9,3184
L,3048364,3050126,1764,1956.0,1062.1,3613
L,3050260,3050824,566,1989.3,907.0,3198
L,3050846,3053248,2404,1956.7,1048.5,3454
L,3053262,3053634,374,1929.8,1019.3,3352
L,3053648,3054984,1338,1941.3,1080.9,3661
L,3055214,3060528,5316,1964.5,1069.6,3277
L,3060714,3065908,5196,1966.4,1070.3,3117
L,3066032,3070684,4654,1964.0,1051.4,3186
L,3070806,3073824,3020,1963.6,1061.7,3141
L,3073840,3073862,24,2076.6,1151.3,3200
L,3073906,3073930,26,2297.1,2100.6,1549
L,3073974,3074130,158,2053.4,1168.0,2782
L,3074322,3074362,42,2129.2,1237.9,2645
L,3074618,3074798,182,2021.8,1087.2,3074
L,3074810,3078614,3806,1956.9,1053.1,3152
L,3079028,3081528,2502,1980.9,1053.4,3075
L,3081700,3083788,2090,1950.3,1038.6,3225
L,3084004,3084320,318,1968.3,883.3,2751
L,3084338,3084844,508,2081.6,1039.1,2949
L,3084858,3086638,1782,1962.5,1057.1,3345
L,3086774,3087414,642,1999.2,898.5,2652
L,3087432,3089256,1826,1970.6,1031.0,3086
L,3089542,3089562,22,1991.3,1616.8,1773
L,3089612,3091422,1812,1965.6,1049.7,3031
L,3091600,3091660,62,2063.3,1181.5,2714
L,3091952,3097250,5300,1964.7,1060.8,3230
L,3097434,3100572,3140,1949.5,1034.1,3118
L,3100752,3102842,2092,1970.1,1050.0,3341
L,3103074,3108060,4988,1962.7,1069.9,3158
L,3108158,3108180,24,1991.3,2045.6,1925
L,3108230,3113446,5218,1959.9,1067.5,3275
L,3113568,3118312,4746,1964.8,1066.1,3283
L,3118420,3122298,3880,1958.3,1073.2,3262
L,3122428,3122918,492,1968.2,1085.4,3035
L,3123172,3127194,4024,1958.1,1066.9,3205
L,3127416,3131126,3712,1990.0,1067.0,2912
L,3131362,3136048,4688,1989.8,1064.4,2919
L,3136210,3138756,2548,1962.2,1057.1,3196
L,3138892,3139138,248,2318.3,1271.5,2590
L,3139162,3139360,200,2210.7,992.0,2556
L,3139384,3139514,132,1914.2,950.1,2736
L,3139560,3139776,218,1017.5,1009.2,2900
L,3139824,3140070,248,2066.3,1147.4,2972
L,3140104,3140350,248,2529.6,1277.1,2967
L,3140368,3140450,84,2680.6,1297.9,2955
L,3140498,3140718,222,1840.7,1029.7,3123
L,3140732,3140840,110,1726.4,1046.9,3212
L,3141016,3141068,54,1991.6,1138.3,3205
L,3141090,3141296,208,2222.6,1215.5,3283
L,3141314,3141428,116,2388.0,1300.4,3315
L,3142184,3142382,200,1900.5,1140.2,3458
L,3142412,3142760,350,2329.9,1331.1,3325
L,3142792,3142936,146,2805.1,1358.2,3076
L,3143070,3143292,224,2735.6,1337.1,3163
L,3144928,3145200,274,1988.3,1072.3,3402
L,3145232,3145468,238,1531.0,992.3,3276
L,3145504,3145652,150,948.9,1092.5,3210
L,3145810,3146146,338,2039.0,1031.4,3073
L,3146166,3146488,324,2243.1,1106.9,3043
L,3146508,3146802,296,2442.6,1101.1,3024
L,3146982,3147062,82,2078.5,1225.2,3069
L,3147294,3147556,264,2722.8,1326.8,3154
L,3147812,3147852,42,2933.3,2922.5,3204
L,3147866,3148246,382,3065.8,2697.4,3264
L,3149772,3149896,126,2277.7,1281.5,3742
L,3149938,3150088,152,1571.7,1007.5,3823
L,3150112,3150358,248,1086.0,1040.4,3555
L,3150412,3150450,40,2155.9,1221.5,3288
L,3151004,3151208,206,2694.2,1320.3,3135
L,3151250,3151434,186,1975.0,1029.1,3260
L,3151458,3151638,182,1582.6,947.2,3257
L,3151818,3151930,114,2281.8,1144.1,3129
L,3152150,3152474,326,2040.4,1152.3,3277
L,3152502,3152708,208,2395.4,1281.1,3297
L,3152740,3152874,136,2858.7,1329.7,3287
L,3153608,3153898,292,2545.2,1251.2,3413
L,3153922,3154250,330,2902.3,1321.5,2951
L,3154454,3154594,142,2211.0,1105.6,2877
L,3154622,3154858,238,1804.5,949.4,2995
L,3154902,3155106,206,879.3,1082.6,2945
L,3157512,3157712,202,2229.3,1189.4,3327
L,3157928,3158174,248,3093.6,1378.1,2969
L,3158256,3158436,182,1955.6,3270.0,3145
L,3159864,3160082,220,1779.7,997.7,3382
L,3160106,3160260,156,2103.8,1059.6,3295
L,3160308,3160546,240,978.3,1073.2,3128
L,3161314,3161430,118,1865.4,1079.4,3188
L,3163278,3163476,200,2128.1,1189.9,3354
L,3163500,3163756,258,2333.6,1383.8,3344
L,3163788,3163910,124,1910.3,1113.1,3332
L,3164058,3164164,108,2142.7,1235.8,3267
L,3164356,3164606,252,2683.0,1315.4,3268
L,3165854,3165980,128,2101.8,974.6,3199
L,3166180,3166504,326,1964.1,1038.3,3091
L,3166522,3166748,228,2000.9,1139.8,3151
L,3166774,3166988,216,2323.4,1310.4,3136
L,3167016,3167728,714,1959.7,1120.6,3179
L,3167754,3167938,186,2266.6,1262.5,3328
L,3167978,3168382,406,1740.3,994.2,3399
L,3168418,3168958,542,2283.0,1229.9,3348
L,3168994,3169472,480,1742.0,1010.4,3452
L,3169496,3169738,244,2161.3,1052.1,3417
L,3169794,3169908,116,3270.0,807.8,3141
L,3170280,3170524,246,2004.5,977.0,3349
L,3170554,3170916,364,1501.3,914.8,3526
L,3170942,3171092,152,1871.8,1008.5,3579
L,3171116,3171330,216,2309.1,1058.7,3509
L,3171374,3171532,160,3155.6,1178.7,3366
L,3171578,3171804,228,2102.0,1056.6,3491
L,3171828,3172356,530,1767.3,981.6,3503
L,3172494,3172528,36,2223.4,1035.0,3526
L,3172926,3172948,24,2105.9,966.5,3666
L,3173082,3173294,214,1984.0,1015.9,3589
L,3173316,3173510,196,1966.3,1204.8,3605
L,3173544,3173726,184,2459.3,1234.0,3391
L,3173762,3173994,234,1906.9,1018.6,3420
L,3174020,3174120,102,2222.9,1111.3,3377
L,3174510,3174548,40,2430.7,1181.0,3489
L,3174724,3174806,84,2525.7,1133.0,3512
L,3174848,3175298,452,1800.9,961.1,3569
L,3175324,3175474,152,2217.7,1036.9,3425
L,3175514,3175576,64,2962.4,1065.2,3279
L,3175726,3175946,222,1975.2,1005.9,3481
L,3175972,3176054,84,1552.7,899.3,3503
L,3176114,3176356,244,1541.3,898.5,3580
L,3176384,3176682,300,2005.0,1002.9,3600
L,3176816,3176966,152,957.8,988.0,3633
L,3176988,3177160,174,715.3,1057.7,3686
L,3177206,3177414,210,1783.0,1029.8,3595
L,3177438,3177658,222,2136.2,1204.5,3549
L,3177684,3177858,176,2512.4,1293.5,3473
L,3177894,3178186,294,2038.5,1127.6,3600
L,3178228,3178528,302,1217.6,1035.7,3745
L,3178712,3178896,186,1665.8,1048.0,3744
L,3178930,3179454,526,954.5,1030.7,3740
L,3179670,3179816,148,1411.3,971.3,3707
L,3179850,3180100,252,746.7,1058.7,3705
L,3180386,3180548,164,2589.7,1223.0,3448
L,3180802,3180944,144,1701.4,1412.3,3470
L,3182260,3182656,398,1738.6,945.3,3460
L,3182694,3182952,260,1002.9,1053.0,3555
L,3182998,3183714,718,1964.8,1112.5,3519
L,3183736,3183974,240,2250.4,1247.5,3587
L,3184012,3184382,372,1702.4,1050.1,3672
L,3184526,3184680,156,929.3,1043.6,3725
L,3184736,3184810,76,2183.7,1220.3,3637
L,3185818,3185896,80,772.5,3270.0,3679
L,3185910,3185970,62,917.3,3270.0,3763
L,3186188,3186324,138,1995.9,1108.1,3603
L,3186356,3186618,264,2497.2,1282.7,3489
L,3186644,3186936,294,2117.2,1179.5,3455
L,3187116,3187164,50,2202.9,1254.8,3477
L,3187364,3187506,144,2183.6,1208.7,3574
L,3187542,3187726,186,1643.0,1004.5,3644
L,3187752,3188020,270,2038.8,1074.8,3461
L,3188034,3188272,240,1945.6,1031.7,3384
L,3188284,3192246,3964,1915.2,1082.4,3516
L,3192306,3192542,238,876.7,1234.0,3792
L,3192556,3192898,344,959.1,1151.9,3815
L,3192940,3193532,594,71.0,1344.5,3811
L,3193572,3193880,310,877.4,1215.1,4066
L,3193988,3194444,458,28.4,1351.9,4028
L,3194618,3194752,136,739.7,1096.5,4089
L,3194786,3194872,88,-73.5,1250.2,4100
L,3194894,3194964,72,-95.4,718.0,3746
L,3197014,3197690,678,889.4,1129.9,3615
L,3197738,3198476,740,1885.0,1103.9,3399
L,3198522,3200234,1714,971.0,1016.6,3428
L,3200276,3200434,160,1761.4,1020.2,3530
L,3200474,3200764,292,888.0,1016.6,3334
L,3201578,3201822,246,1745.1,1019.0,3452
L,3201842,3204186,2346,1914.3,1087.4,3599
L,3204228,3206446,2220,2567.7,1323.3,3278
L,3206470,3207616,1148,3021.1,1361.0,3302
L,3207642,3207762,122,2590.2,1306.6,3465
L,3207818,3207952,136,1757.8,1035.7,3610
L,3207968,3210434,2468,1934.2,1107.8,3569
L,3210484,3210670,188,2841.9,1274.4,3432
L,3210690,3212340,1652,2600.0,1332.0,3181
L,3212360,3212850,492,2880.6,1338.5,3246
L,3212904,3213200,298,1945.0,1134.3,3367
L,3213246,3213610,366,2774.9,1341.5,3255
L,3213654,3216592,2940,1924.5,1111.2,3530
L,3216642,3218132,1492,929.1,1203.5,3362
L,3218152,3218986,836,974.6,1042.2,3543
L,3219032,3222062,3032,1927.3,1098.3,3470
L,3222112,3223774,1664,924.2,1190.7,3489
L,3223790,3224664,876,946.2,1108.9,3579
L,3224712,3225418,708,1940.1,1097.4,3462
L,3225504,3241644,16142,1930.4,1096.7,3474
L,3241666,3241868,204,1774.5,983.3,3449
L,3241906,3242128,224,2341.9,1016.2,3211
L,3242272,3242378,108,1655.4,1115.4,3396
L,3242520,3242552,34,2211.4,1319.5,3458
L,3242750,3242782,34,2090.4,1218.9,3610
L,3242936,3243102,168,1481.4,860.9,3711
L,3243138,3243182,46,2160.2,970.9,3612
